open_time,open,high,low,close,atr
2023-02-26 13:00:00,23162.46,23219.31,23137.0,23214.15,
2023-02-26 14:00:00,23213.15,23331.26,23180.02,23193.65,
2023-02-26 15:00:00,23194.36,23250.0,23175.42,23247.23,
2023-02-26 16:00:00,23247.96,23256.65,23164.04,23184.92,
2023-02-26 17:00:00,23184.92,23244.6,23137.0,23239.54,
2023-02-26 18:00:00,23239.54,23539.94,23221.82,23486.43,
2023-02-26 19:00:00,23487.3,23544.93,23366.87,23499.33,
2023-02-26 20:00:00,23499.33,23689.99,23461.89,23639.68,
2023-02-26 21:00:00,23639.68,23653.0,23550.75,23560.6,
2023-02-26 22:00:00,23560.61,23595.76,23323.42,23476.41,
2023-02-26 23:00:00,23477.14,23637.88,23455.0,23554.85,
2023-02-27 00:00:00,23554.85,23567.69,23451.66,23492.64,
2023-02-27 01:00:00,23492.15,23563.0,23432.76,23552.76,
2023-02-27 02:00:00,23553.52,23644.65,23522.72,23558.64,
2023-02-27 03:00:00,23558.64,23642.0,23540.74,23551.62,
2023-02-27 04:00:00,23551.99,23561.34,23463.47,23491.46,
2023-02-27 05:00:00,23490.81,23509.94,23346.16,23391.52,
2023-02-27 06:00:00,23391.13,23435.93,23370.34,23405.39,
2023-02-27 07:00:00,23405.82,23456.85,23401.55,23423.31,
2023-02-27 08:00:00,23423.88,23455.31,23340.0,23358.91,
2023-02-27 09:00:00,23359.32,23439.76,23332.65,23389.37,
2023-02-27 10:00:00,23388.94,23420.0,23348.74,23378.79,
2023-02-27 11:00:00,23378.79,23448.43,23369.36,23428.87,
2023-02-27 12:00:00,23428.87,23440.94,23379.25,23403.18,
2023-02-27 13:00:00,23403.18,23800.45,23397.35,23703.01,
2023-02-27 14:00:00,23704.29,23862.29,23675.5,23803.46,
2023-02-27 15:00:00,23803.46,23897.99,23465.1,23559.4,
2023-02-27 16:00:00,23557.66,23618.3,23159.33,23391.49,
2023-02-27 17:00:00,23391.55,23425.0,23266.66,23334.4,
2023-02-27 18:00:00,23333.49,23370.0,23150.0,23288.77,
2023-02-27 19:00:00,23288.55,23360.0,23218.56,23276.35,
2023-02-27 20:00:00,23276.34,23329.83,23106.77,23321.37,
2023-02-27 21:00:00,23320.38,23397.34,23294.47,23381.38,
2023-02-27 22:00:00,23381.38,23557.79,23361.07,23482.13,
2023-02-27 23:00:00,23481.28,23582.98,23448.2,23492.09,
2023-02-28 00:00:00,23492.09,23549.99,23409.79,23420.55,
2023-02-28 01:00:00,23420.55,23460.01,23349.57,23433.16,
2023-02-28 02:00:00,23433.16,23475.73,23386.79,23441.76,
2023-02-28 03:00:00,23441.76,23526.0,23436.12,23467.52,
2023-02-28 04:00:00,23467.01,23470.44,23386.31,23415.0,
2023-02-28 05:00:00,23414.64,23447.76,23364.01,23378.45,
2023-02-28 06:00:00,23377.69,23414.34,23362.25,23392.3,
2023-02-28 07:00:00,23391.69,23397.58,23212.8,23236.68,
2023-02-28 08:00:00,23235.63,23302.94,23200.0,23264.21,156.57938514123805
2023-02-28 09:00:00,23263.3,23321.76,23244.21,23267.79,156.0337532915123
2023-02-28 10:00:00,23268.43,23391.03,23253.5,23363.9,155.6864829277325
2023-02-28 11:00:00,23363.9,23421.98,23335.47,23392.69,155.15892394514597
2023-02-28 12:00:00,23391.96,23506.11,23385.29,23454.54,154.87846717481094
2023-02-28 13:00:00,23454.01,23487.78,23368.79,23403.17,154.84162425663015
2023-02-28 14:00:00,23403.17,23579.12,23315.42,23425.94,155.18260581133094
2023-02-28 15:00:00,23425.19,23546.32,23403.45,23518.3,155.60115955272596
2023-02-28 16:00:00,23519.08,23600.0,23426.47,23456.05,156.2716967888265
2023-02-28 17:00:00,23456.05,23558.34,23447.5,23526.54,156.99407920616858
2023-02-28 18:00:00,23525.9,23550.0,23436.88,23481.63,157.81661619019798
2023-02-28 19:00:00,23481.63,23492.84,23205.06,23264.36,158.17281461607797
2023-02-28 20:00:00,23263.38,23343.55,23166.35,23272.05,158.46084249701204
2023-02-28 21:00:00,23270.59,23277.98,23020.97,23139.89,158.19605221478415
2023-02-28 22:00:00,23138.89,23240.82,23094.69,23161.38,157.0963601856126
2023-02-28 23:00:00,23160.47,23199.96,23098.35,23141.57,155.9496563467074
2023-03-01 00:00:00,23141.57,23219.99,23020.03,23101.0,154.8287607512479
2023-03-01 01:00:00,23101.0,23296.94,23075.14,23245.96,153.99551804668835
2023-03-01 02:00:00,23245.96,23336.46,23234.2,23331.21,152.92311459650924
2023-03-01 03:00:00,23332.57,23498.0,23305.97,23441.14,152.16184248456182
2023-03-01 04:00:00,23440.37,23847.0,23425.44,23794.48,151.99315043278457
2023-03-01 05:00:00,23794.48,23821.56,23631.97,23694.17,151.97756587565397
2023-03-01 06:00:00,23695.14,23803.39,23666.0,23752.75,151.96333617368106
2023-03-01 07:00:00,23752.75,23762.22,23681.0,23716.06,151.89072152214308
2023-03-01 08:00:00,23716.06,24000.0,23681.81,23867.78,152.38527465789224
2023-03-01 09:00:00,23869.01,23907.68,23725.07,23756.14,153.07684221577563
2023-03-01 10:00:00,23755.74,23787.46,23673.44,23777.62,153.7998648033219
2023-03-01 11:00:00,23777.62,23788.4,23700.0,23739.17,154.4902936104738
2023-03-01 12:00:00,23739.87,23820.51,23701.09,23722.6,155.30271139650935
2023-03-01 13:00:00,23722.6,23735.17,23616.45,23689.45,155.8945030750004
2023-03-01 14:00:00,23689.97,23888.0,23570.0,23679.86,156.96204910032114
2023-03-01 15:00:00,23679.86,23770.0,23550.8,23711.09,158.29716366441625
2023-03-01 16:00:00,23711.09,23746.24,23555.06,23691.9,159.6647429711191
2023-03-01 17:00:00,23692.54,23744.68,23669.3,23704.68,160.9113819745785
2023-03-01 18:00:00,23704.68,23724.82,23646.73,23690.88,161.96744979105273
2023-03-01 19:00:00,23690.88,23695.57,23328.16,23355.14,163.542001413065
2023-03-01 20:00:00,23354.03,23471.62,23300.0,23421.23,164.77623481352802
2023-03-01 21:00:00,23421.23,23593.32,23368.41,23553.73,166.1178374400287
2023-03-01 22:00:00,23553.94,23579.52,23440.39,23531.94,167.27966332348248
2023-03-01 23:00:00,23531.41,23674.6,23501.2,23628.97,168.50911877065244
2023-03-02 00:00:00,23629.76,23796.93,23595.11,23606.95,169.86341269946954
2023-03-02 01:00:00,23606.31,23635.87,23445.63,23513.5,170.88219501485898
2023-03-02 02:00:00,23514.29,23543.63,23448.92,23494.47,171.63030851284313
2023-03-02 03:00:00,23494.47,23513.49,23423.17,23494.29,171.92375751561818
2023-03-02 04:00:00,23494.29,23546.82,23469.43,23536.33,172.03271231481833
2023-03-02 05:00:00,23536.34,23544.76,23410.65,23445.71,172.21303914632637
2023-03-02 06:00:00,23445.48,23474.35,23374.46,23437.86,172.14064481515302
2023-03-02 07:00:00,23437.86,23448.08,23335.41,23391.87,171.81165118234367
2023-03-02 08:00:00,23391.87,23466.68,23347.76,23443.67,171.5473053981547
2023-03-02 09:00:00,23443.67,23468.5,23386.45,23400.39,171.03898156463504
2023-03-02 10:00:00,23399.85,23419.66,23337.37,23375.64,169.75314127125333
2023-03-02 11:00:00,23375.22,23429.83,23359.24,23414.73,168.27544133202
2023-03-02 12:00:00,23414.73,23434.26,23319.0,23355.54,166.8513873985745
2023-03-02 13:00:00,23354.61,23412.0,23236.0,23308.95,165.75652564796437
2023-03-02 14:00:00,23309.98,23349.21,23195.9,23305.46,164.34484898044266
2023-03-02 15:00:00,23305.46,23383.83,23274.08,23361.11,162.86045371586104
2023-03-02 16:00:00,23361.1,23387.84,23250.24,23279.98,161.53919515618745
2023-03-02 17:00:00,23279.45,23319.36,23231.29,23268.91,160.31262962811573
2023-03-02 18:00:00,23269.02,23458.94,23254.31,23441.14,159.37727805830306
2023-03-02 19:00:00,23441.14,23507.97,23388.76,23463.99,158.51042736346025
2023-03-02 20:00:00,23463.4,23567.52,23425.09,23467.06,157.28581702223266
2023-03-02 21:00:00,23467.64,23474.09,23386.44,23408.65,155.83496187461904
2023-03-02 22:00:00,23409.47,23557.01,23408.65,23460.97,154.38567227955838
2023-03-02 23:00:00,23460.27,23504.01,23429.32,23465.32,153.03908455197873
2023-03-03 00:00:00,23465.32,23476.95,23398.85,23418.5,151.78939699221172
2023-03-03 01:00:00,23417.58,23425.7,21971.13,22150.31,153.21700735864914
2023-03-03 02:00:00,22150.31,22454.94,22099.18,22348.57,154.98122191607246
2023-03-03 03:00:00,22347.51,22400.87,22276.9,22319.69,156.37871745608146
2023-03-03 04:00:00,22319.69,22393.33,22251.08,22376.5,157.68401899082863
2023-03-03 05:00:00,22376.46,22411.36,22329.14,22341.8,158.67893732109764
2023-03-03 06:00:00,22341.8,22402.25,22325.81,22378.73,159.30407357043657
2023-03-03 07:00:00,22379.01,22404.7,22332.03,22360.78,159.6045153134251
2023-03-03 08:00:00,22360.78,22453.88,22354.36,22430.33,159.89528310213842
2023-03-03 09:00:00,22430.33,22479.97,22346.84,22368.54,160.26753070984185
2023-03-03 10:00:00,22368.54,22393.65,22339.26,22351.43,160.5587201603624
2023-03-03 11:00:00,22352.09,22367.53,22300.14,22342.92,160.6703115936457
2023-03-03 12:00:00,22343.06,22370.0,22323.16,22354.0,160.64777723901153
2023-03-03 13:00:00,22353.46,22428.34,22172.65,22402.8,160.96753917362668
2023-03-03 14:00:00,22402.79,22498.99,22361.02,22376.0,161.30990523105967
2023-03-03 15:00:00,22377.34,22417.48,22228.99,22336.33,161.88143063286714
2023-03-03 16:00:00,22335.84,22382.14,22322.0,22374.15,162.359520418586
2023-03-03 17:00:00,22375.36,22448.25,22366.26,22413.17,162.83074378976667
2023-03-03 18:00:00,22413.38,22422.91,22229.25,22313.2,163.45502768381584
2023-03-03 19:00:00,22313.2,22397.76,22289.84,22358.48,163.87253434510296
2023-03-03 20:00:00,22357.83,22378.22,22274.0,22308.16,164.1433004193461
2023-03-03 21:00:00,22307.08,22316.15,22147.0,22239.92,164.53620662456063
2023-03-03 22:00:00,22239.92,22338.75,22224.68,22320.99,164.84501666299133
2023-03-03 23:00:00,22320.99,22377.26,22313.17,22354.34,165.07473058884054
2023-03-04 00:00:00,22354.34,22392.17,22330.01,22368.49,164.9487150259858
2023-03-04 01:00:00,22369.11,22392.11,22336.0,22342.01,164.68147545277665
2023-03-04 02:00:00,22342.39,22359.39,22333.78,22339.87,164.15516216223105
2023-03-04 03:00:00,22339.87,22354.55,22323.05,22346.66,163.5327948190322
2023-03-04 04:00:00,22346.65,22368.0,22325.9,22343.94,162.70185980292507
2023-03-04 05:00:00,22343.94,22344.88,22269.94,22328.18,161.93092444177316
2023-03-04 06:00:00,22328.18,22410.0,22313.21,22364.69,161.25959975727474
2023-03-04 07:00:00,22364.69,22378.23,22351.0,22359.09,157.2367343285059
2023-03-04 08:00:00,22359.44,22363.68,22331.78,22341.21,152.73001646510582
2023-03-04 09:00:00,22341.55,22376.97,22339.51,22350.97,148.33930004116823
2023-03-04 10:00:00,22350.72,22357.68,22322.3,22332.76,144.00780171828802
2023-03-04 11:00:00,22332.84,22358.3,22331.89,22349.46,139.85289141429305
2023-03-04 12:00:00,22349.46,22398.0,22338.84,22385.31,135.95368841445153
2023-03-04 13:00:00,22385.31,22388.22,22355.37,22355.8,132.23825195264638
2023-03-04 14:00:00,22355.8,22368.0,22331.13,22342.79,128.63907770704807
2023-03-04 15:00:00,22343.18,22352.48,22307.98,22317.87,125.0859840782602
2023-03-04 16:00:00,22317.38,22347.93,22293.05,22324.86,121.78789986438436
2023-03-04 17:00:00,22324.9,22333.97,22301.85,22307.12,118.64145444756154
2023-03-04 18:00:00,22306.85,22332.0,22245.43,22320.97,115.8143920556526
2023-03-04 19:00:00,22320.66,22326.2,22227.2,22250.78,112.81615933590018
2023-03-04 20:00:00,22250.67,22265.0,22184.0,22250.34,109.89645087145519
2023-03-04 21:00:00,22250.33,22251.61,22157.08,22213.65,106.96157147251515
2023-03-04 22:00:00,22213.65,22359.0,22202.0,22305.98,104.46697449146326
2023-03-04 23:00:00,22306.45,22353.2,22290.78,22346.57,102.10398508302883
2023-03-05 00:00:00,22346.57,22389.32,22313.41,22379.25,99.62941353213658
2023-03-05 01:00:00,22379.83,22662.09,22348.0,22591.68,97.82249284090614
2023-03-05 02:00:00,22591.14,22612.84,22189.22,22360.82,96.90512989054046
2023-03-05 03:00:00,22360.82,22441.05,22356.5,22387.02,95.85185953247237
2023-03-05 04:00:00,22387.02,22470.93,22378.18,22440.73,94.82306615622754
2023-03-05 05:00:00,22440.73,22446.56,22391.18,22418.99,93.8470316467277
2023-03-05 06:00:00,22419.32,22427.0,22401.54,22415.73,92.85334285219142
2023-03-05 07:00:00,22415.76,22421.21,22365.26,22375.7,91.93026068353707
2023-03-05 08:00:00,22375.7,22399.45,22328.0,22342.71,91.18226828456501
2023-03-05 09:00:00,22342.09,22398.28,22316.63,22368.47,90.60711887515944
2023-03-05 10:00:00,22369.14,22448.8,22363.27,22410.83,90.17646402701214
2023-03-05 11:00:00,22410.83,22422.54,22381.0,22389.77,89.69704931083
2023-03-05 12:00:00,22390.12,22444.0,22388.57,22420.34,89.15340290871445
2023-03-05 13:00:00,22419.89,22494.96,22418.02,22465.77,88.76695224297815
2023-03-05 14:00:00,22465.77,22478.87,22417.01,22432.46,88.47944380896413
2023-03-05 15:00:00,22431.75,22470.7,22421.5,22436.18,88.24042810989512
2023-03-05 16:00:00,22436.7,22460.07,22421.28,22442.92,88.02660755522555
2023-03-05 17:00:00,22442.92,22455.0,22419.82,22427.47,87.84894445745613
2023-03-05 18:00:00,22427.47,22449.51,22422.02,22429.26,87.60856793240974
2023-03-05 19:00:00,22428.98,22450.0,22374.6,22403.45,87.48667338246364
2023-03-05 20:00:00,22403.45,22425.0,22395.8,22409.05,87.35522554629341
2023-03-05 21:00:00,22408.58,22560.0,22331.0,22483.46,87.67245483028672
2023-03-05 22:00:00,22483.46,22486.86,22380.0,22433.0,88.09078770215739
2023-03-05 23:00:00,22432.48,22462.22,22361.75,22430.24,88.6419794472501
2023-03-06 00:00:00,22430.24,22470.08,22361.43,22446.48,89.20637120326657
2023-03-06 01:00:00,22446.48,22508.0,22322.34,22379.24,89.93678195185211
2023-03-06 02:00:00,22378.49,22405.94,22258.0,22391.58,90.7744013587993
2023-03-06 03:00:00,22391.12,22417.29,22368.35,22387.19,91.44364236462498
2023-03-06 04:00:00,22387.19,22399.6,22334.06,22342.63,91.8473161059726
2023-03-06 05:00:00,22342.63,22372.32,22313.94,22370.18,92.21253733425961
2023-03-06 06:00:00,22369.79,22436.0,22364.8,22405.93,92.54045707225649
2023-03-06 07:00:00,22406.59,22434.0,22385.12,22392.74,92.21349615279517
2023-03-06 08:00:00,22392.74,22450.0,22356.08,22413.23,91.1248826902329
2023-03-06 09:00:00,22413.23,22421.3,22364.07,22403.68,90.0489803259792
2023-03-06 10:00:00,22403.09,22414.0,22371.0,22399.78,88.93147610110785
2023-03-06 11:00:00,22399.78,22402.63,22355.0,22379.57,87.87534216769495
2023-03-06 12:00:00,22379.95,22413.54,22357.08,22397.42,86.96845719225095
2023-03-06 13:00:00,22397.72,22487.99,22387.01,22439.77,86.23356474480615
2023-03-06 14:00:00,22440.32,22483.92,22403.2,22450.0,85.57323644611726
2023-03-06 15:00:00,22449.46,22602.19,22432.07,22553.42,85.17071765213646
2023-03-06 16:00:00,22554.43,22586.98,22465.6,22524.46,84.88230753038646
2023-03-06 17:00:00,22524.46,22536.07,22470.89,22481.63,84.6707844171154
2023-03-06 18:00:00,22481.63,22539.68,22465.0,22504.09,84.52020379432369
2023-03-06 19:00:00,22504.08,22512.72,22358.0,22393.35,84.5655695999805
2023-03-06 20:00:00,22393.35,22416.41,22331.0,22352.17,84.66376665196971
2023-03-06 21:00:00,22352.17,22439.99,22320.01,22408.53,84.92347377067614
2023-03-06 22:00:00,22408.53,22450.0,22407.08,22433.65,85.17446401623152
2023-03-06 23:00:00,22433.65,22446.09,22390.07,22410.0,85.45714572998222
2023-03-07 00:00:00,22409.41,22428.0,22377.69,22415.92,85.7739695262032
2023-03-07 01:00:00,22415.54,22508.88,22411.8,22484.8,86.11978210148659
2023-03-07 02:00:00,22484.8,22509.99,22452.48,22497.86,86.5082987753935
2023-03-07 03:00:00,22497.87,22557.91,22445.22,22460.54,86.59213489024783
2023-03-07 04:00:00,22460.99,22479.8,22453.98,22474.36,86.47703018300572
2023-03-07 05:00:00,22474.36,22479.85,22443.73,22460.67,86.21693286126802
2023-03-07 06:00:00,22460.09,22461.31,22408.09,22438.52,85.84343762236318
2023-03-07 07:00:00,22438.07,22453.9,22410.24,22419.71,85.15852498548746
2023-03-07 08:00:00,22420.29,22426.65,22395.05,22420.18,84.24553447208221
2023-03-07 09:00:00,22420.53,22426.17,22345.49,22381.17,83.47332916095996
2023-03-07 10:00:00,22381.17,22432.6,22367.3,22372.85,82.75571003023694
2023-03-07 11:00:00,22372.85,22398.11,22321.0,22351.02,82.13394474578982
2023-03-07 12:00:00,22351.02,22410.2,22335.36,22399.07,81.56525798469686
2023-03-07 13:00:00,22399.07,22410.0,22354.1,22363.89,81.05390608573268
2023-03-07 14:00:00,22363.53,22383.58,22200.32,22309.18,80.7917936174239
2023-03-07 15:00:00,22309.18,22489.88,21927.0,22320.9,81.75233221252036
2023-03-07 16:00:00,22321.98,22394.08,22192.84,22238.77,83.02102291271203
2023-03-07 17:00:00,22238.77,22360.0,22224.96,22309.28,84.40721196088451
2023-03-07 18:00:00,22308.25,22331.49,22160.64,22199.96,85.96674469582527
2023-03-07 19:00:00,22198.49,22249.98,22054.92,22124.77,87.63888221024938
2023-03-07 20:00:00,22125.99,22145.29,21996.0,22054.51,89.35484323623487
2023-03-07 21:00:00,22055.64,22116.66,21943.0,22056.26,90.95666407169935
2023-03-07 22:00:00,22055.95,22122.22,21981.64,22105.65,92.48978337477823
2023-03-07 23:00:00,22105.65,22230.51,22075.51,22197.96,94.12725132864544
2023-03-08 00:00:00,22198.56,22287.0,22190.32,22245.86,95.70013824649891
2023-03-08 01:00:00,22245.86,22256.66,22136.84,22173.7,97.07758078957607
2023-03-08 02:00:00,22174.57,22211.3,22158.37,22177.0,98.27930124311307
2023-03-08 03:00:00,22177.0,22191.73,22084.3,22152.52,99.36530354135792
2023-03-08 04:00:00,22152.52,22167.73,22105.18,22141.79,100.4204723766287
2023-03-08 05:00:00,22141.79,22147.73,21840.13,21954.98,101.99927204922483
2023-03-08 06:00:00,21954.31,22051.62,21930.2,22025.63,103.6346098647318
2023-03-08 07:00:00,22025.63,22039.15,21961.17,21971.03,105.10766163342298
2023-03-08 08:00:00,21971.83,22034.16,21944.55,21989.14,106.55192400393379
2023-03-08 09:00:00,21989.14,22030.0,21974.5,22012.75,107.75685808898643
2023-03-08 10:00:00,22012.75,22144.2,22001.0,22111.25,109.15520167607396
2023-03-08 11:00:00,22111.25,22134.85,22055.25,22072.45,110.5571874071461
2023-03-08 12:00:00,22071.98,22107.82,21993.61,22014.17,112.00424559663267
2023-03-08 13:00:00,22014.17,22062.0,21940.0,21989.16,113.53446630987959
2023-03-08 14:00:00,21989.16,22030.52,21922.22,21974.73,115.13800460693088
2023-03-08 15:00:00,21974.73,22229.04,21876.66,22140.8,117.27390922153171
2023-03-08 16:00:00,22139.97,22218.3,22058.3,22140.61,119.48272541415622
2023-03-08 17:00:00,22140.61,22150.0,22022.52,22034.48,121.65369759077261
2023-03-08 18:00:00,22034.48,22063.03,21944.25,22022.75,123.77421937226215
2023-03-08 19:00:00,22021.97,22061.6,21987.26,21997.25,125.78718007653542
2023-03-08 20:00:00,21997.25,22133.75,21969.56,22101.26,127.61095308448336
2023-03-08 21:00:00,22099.95,22113.57,21907.09,22009.75,128.45588505402122
2023-03-08 22:00:00,22010.37,22016.16,21660.0,21802.16,129.60932186912652
2023-03-08 23:00:00,21800.47,21838.12,21580.0,21705.44,130.9734179584786
2023-03-09 00:00:00,21704.37,21765.15,21675.4,21719.42,132.0469833641134
2023-03-09 01:00:00,21720.15,21762.38,21629.43,21702.94,132.89598456157836
2023-03-09 02:00:00,21703.55,21793.65,21700.44,21769.65,133.55081900260578
2023-03-09 03:00:00,21769.14,21806.68,21744.46,21769.66,133.89354621392494
2023-03-09 04:00:00,21770.37,21774.69,21720.11,21740.43,134.00703100312592
2023-03-09 05:00:00,21740.39,21761.33,21728.0,21738.93,133.82271925569486
2023-03-09 06:00:00,21738.93,21746.04,21683.49,21741.8,133.57031073204644
2023-03-09 07:00:00,21741.25,21742.39,21665.67,21688.54,133.2333123418924
2023-03-09 08:00:00,21688.54,21698.38,21602.0,21681.52,133.02383765401376
2023-03-09 09:00:00,21682.31,21700.0,21585.0,21641.58,132.84734925509224
2023-03-09 10:00:00,21641.07,21683.68,21527.0,21648.43,132.90758622381082
2023-03-09 11:00:00,21646.98,21674.11,21620.0,21669.38,132.35997291705428
2023-03-09 12:00:00,21669.38,21674.98,21600.96,21611.34,131.73861770422184
2023-03-09 13:00:00,21611.89,21730.77,21552.84,21703.76,131.39962120140385
2023-03-09 14:00:00,21703.76,21834.99,21686.72,21722.89,131.22450540394107
2023-03-09 15:00:00,21722.1,21807.66,21633.95,21648.57,131.34335026329626
2023-03-09 16:00:00,21647.42,21675.22,21416.79,21478.85,131.72806334655968
2023-03-09 17:00:00,21479.31,21524.96,21400.0,21469.46,132.193296926071
2023-03-09 18:00:00,21470.47,21491.86,20967.0,21012.89,133.60303763316824
2023-03-09 19:00:00,21013.32,21020.64,20766.2,20854.93,135.2274159091355
2023-03-09 20:00:00,20856.3,20867.3,20042.72,20116.66,138.44119574024924
2023-03-09 21:00:00,20119.83,20416.04,20112.18,20213.61,141.30989605093734
2023-03-09 22:00:00,20213.61,20494.96,20213.01,20343.58,144.2640463387832
2023-03-09 23:00:00,20343.58,20379.58,20274.62,20362.22,146.9535668440494
2023-03-10 00:00:00,20362.21,20367.78,20022.0,20120.27,149.99145493325224
2023-03-10 01:00:00,20121.38,20159.5,19776.22,20111.01,153.547922446896
2023-03-10 02:00:00,20111.87,20141.72,20024.95,20040.44,156.73745180356184
2023-03-10 03:00:00,20040.44,20134.5,19977.48,20052.07,159.58139572797737
2023-03-10 04:00:00,20052.07,20065.0,19833.01,19876.69,161.92655793850724
2023-03-10 05:00:00,19876.15,20046.0,19854.09,19990.1,163.9465657031236
2023-03-10 06:00:00,19990.1,20024.76,19839.62,19873.46,166.04940624780343
2023-03-10 07:00:00,19873.46,20039.19,19776.55,19953.58,168.3108296112382
2023-03-10 08:00:00,19953.58,19977.0,19875.83,19959.12,170.42967511620787
2023-03-10 09:00:00,19958.54,19969.14,19831.4,19853.12,172.57698403875938
2023-03-10 10:00:00,19853.12,19924.04,19549.09,19621.66,175.33369946843055
2023-03-10 11:00:00,19622.77,19802.24,19569.47,19760.78,178.3683637974317
2023-03-10 12:00:00,19761.12,19998.99,19730.16,19934.75,181.6774092467169
2023-03-10 13:00:00,19933.31,20321.19,19884.75,20184.92,185.60657049809004
2023-03-10 14:00:00,20184.9,20191.4,19657.11,19819.8,190.29772023213812
2023-03-10 15:00:00,19819.8,20037.75,19766.0,20004.96,195.02700212810322
2023-03-10 16:00:00,20004.96,20307.73,19928.83,20016.36,199.9475734122215
2023-03-10 17:00:00,20015.11,20082.66,19830.74,19930.48,204.9876515099617
2023-03-10 18:00:00,19928.57,20005.21,19824.06,19848.52,209.92279545814063
2023-03-10 19:00:00,19848.5,20071.4,19843.4,20024.32,214.62464340951038
2023-03-10 20:00:00,20022.72,20066.72,19938.07,19969.31,218.94393079261803
2023-03-10 21:00:00,19969.31,20129.1,19850.0,20076.64,223.2056262194647
2023-03-10 22:00:00,20076.64,20167.79,20021.64,20097.23,226.89558149589274
2023-03-10 23:00:00,20097.23,20240.4,20084.21,20150.69,230.3963256811458
2023-03-11 00:00:00,20150.69,20301.79,20135.05,20216.03,232.79435004155312
2023-03-11 01:00:00,20215.53,20686.51,20215.5,20586.75,235.53672980446183
2023-03-11 02:00:00,20586.75,20640.11,20374.07,20492.43,236.75336815277805
2023-03-11 03:00:00,20491.36,20502.75,20315.01,20393.88,237.60662757105143
2023-03-11 04:00:00,20393.89,20414.81,20271.23,20339.7,238.06948750678797
2023-03-11 05:00:00,20339.69,20435.43,20307.45,20391.39,238.55409554274584
2023-03-11 06:00:00,20391.4,20408.46,20200.0,20284.61,238.67713633759965
2023-03-11 07:00:00,20283.9,20320.77,19823.82,19850.81,239.06203136099333
2023-03-11 08:00:00,19850.81,20208.36,19765.03,20071.82,240.19695769265024
2023-03-11 09:00:00,20071.82,20147.15,19955.43,20092.78,241.33343690555174
2023-03-11 10:00:00,20092.78,20160.15,19997.5,20036.75,242.22364379367593
2023-03-11 11:00:00,20035.98,20107.99,19971.71,20086.07,242.91781209459955
2023-03-11 12:00:00,20086.07,20129.06,20030.0,20031.65,243.35744456455078
2023-03-11 13:00:00,20032.41,20143.93,20030.01,20078.23,243.4115794770124
2023-03-11 14:00:00,20077.14,20205.46,20072.82,20112.33,243.53677618164784
2023-03-11 15:00:00,20113.14,20147.0,20040.77,20061.98,243.57800645511008
2023-03-11 16:00:00,20062.77,20104.61,19992.24,20091.11,242.9911012325655
2023-03-11 17:00:00,20091.75,20331.44,20066.0,20246.92,242.52390352590854
2023-03-11 18:00:00,20245.48,20324.21,20197.64,20226.72,241.75136279822067
2023-03-11 19:00:00,20227.46,20252.88,20145.01,20220.96,240.25169402698808
2023-03-11 20:00:00,20220.98,20456.0,20214.63,20349.4,238.16171588192768
2023-03-11 21:00:00,20349.4,20364.49,20280.0,20353.91,235.77516474720304
2023-03-11 22:00:00,20353.91,20450.0,20300.0,20333.55,233.01408155054818
2023-03-11 23:00:00,20332.53,20529.91,20330.41,20455.73,230.32540905843476
2023-03-12 00:00:00,20455.73,20502.46,20342.69,20453.41,227.77787983964217
2023-03-12 01:00:00,20453.41,20483.89,20380.0,20419.33,225.11681699364146
2023-03-12 02:00:00,20419.33,20430.66,20303.53,20377.2,222.6422110176889
2023-03-12 03:00:00,20377.21,20464.91,20351.13,20376.46,219.95074356380317
2023-03-12 04:00:00,20376.47,20403.03,20325.32,20386.99,217.2885714043059
2023-03-12 05:00:00,20386.3,20440.8,20350.02,20354.68,214.66081630386964
2023-03-12 06:00:00,20354.68,20383.17,20318.0,20331.8,211.97892466302332
2023-03-12 07:00:00,20331.2,20374.08,20270.6,20346.71,208.6135252821096
2023-03-12 08:00:00,20346.71,20395.0,20333.8,20376.88,205.0007972855346
2023-03-12 09:00:00,20376.83,20432.56,20362.64,20382.18,201.36559747921646
2023-03-12 10:00:00,20382.73,20448.82,20365.08,20425.93,197.847578611486
2023-03-12 11:00:00,20425.93,20497.34,20416.02,20445.43,194.46975156768252
2023-03-12 12:00:00,20445.56,20446.7,20317.39,20381.25,191.14474550320676
2023-03-12 13:00:00,20380.62,20466.0,20369.0,20383.95,187.10497796705462
2023-03-12 14:00:00,20383.95,20406.75,20327.59,20339.55,182.48669382627935
2023-03-12 15:00:00,20338.28,20411.8,20284.39,20358.96,178.0451680765327
2023-03-12 16:00:00,20359.59,20419.0,20341.85,20389.55,173.71732273750652
2023-03-12 17:00:00,20390.15,20857.62,20373.13,20785.52,170.52768063702095
2023-03-12 18:00:00,20786.52,21331.75,20692.01,21076.45,168.85320344852067
2023-03-12 19:00:00,21075.05,21224.99,20735.19,20779.54,168.19328415446998
2023-03-12 20:00:00,20779.54,21361.57,20755.76,21259.02,168.70709719097385
2023-03-12 21:00:00,21257.96,21291.21,21136.15,21272.4,169.30047120107994
2023-03-12 22:00:00,21272.82,21903.0,21100.69,21702.38,171.49417563906326
2023-03-12 23:00:00,21703.97,22150.0,21602.0,21997.11,174.20394880766156
2023-03-13 00:00:00,21998.05,22600.0,21860.74,22446.02,178.17895246423646
2023-03-13 01:00:00,22448.97,22478.4,22250.37,22294.1,182.1561225263057
2023-03-13 02:00:00,22295.4,22356.8,22066.4,22182.01,185.9659471077446
2023-03-13 03:00:00,22182.65,22282.4,22114.39,22231.62,189.7024985048067
2023-03-13 04:00:00,22232.76,22459.62,22222.88,22320.07,193.3786771830347
2023-03-13 05:00:00,22320.07,22402.29,22285.3,22397.11,196.595819289005
2023-03-13 06:00:00,22397.11,22506.0,22245.0,22381.9,199.82418933978946
2023-03-13 07:00:00,22381.11,22495.0,22319.06,22458.72,202.9935091488574
2023-03-13 08:00:00,22458.87,22539.64,22170.75,22191.1,206.51206801918767
2023-03-13 09:00:00,22191.11,22262.35,21813.88,21963.37,210.57618220831003
2023-03-13 10:00:00,21961.74,22177.0,21816.67,22124.51,215.02290728869278
2023-03-13 11:00:00,22125.45,22220.0,22017.0,22106.64,219.4191996252429
2023-03-13 12:00:00,22106.63,22156.17,21959.0,22130.32,223.81575679490172
2023-03-13 13:00:00,22130.32,22590.0,22127.87,22479.64,228.75220273816026
2023-03-13 14:00:00,22479.64,23560.16,22400.0,23484.63,235.95261682833856
2023-03-13 15:00:00,23484.64,24500.0,23461.55,23981.72,244.94473943589227
2023-03-13 16:00:00,23981.72,24203.92,23755.0,23955.16,254.16404376195672
2023-03-13 17:00:00,23954.14,24174.95,23821.42,24109.1,263.3729453980662
2023-03-13 18:00:00,24109.7,24304.56,23978.74,24256.15,272.3919492982627
2023-03-13 19:00:00,24257.37,24393.83,24105.0,24279.91,281.2234767293984
2023-03-13 20:00:00,24277.25,24311.99,24054.0,24134.11,289.8499664868827
2023-03-13 21:00:00,24135.78,24215.0,24040.28,24085.04,297.9729212616887
2023-03-13 22:00:00,24083.58,24232.29,24082.09,24201.15,305.68959355258073
2023-03-13 23:00:00,24202.45,24214.18,23938.0,24113.48,312.35909877506566
2023-03-14 00:00:00,24112.27,24249.8,23986.02,24166.31,317.6570679102175
2023-03-14 01:00:00,24165.37,24441.48,24112.01,24402.53,322.1948725833275
2023-03-14 02:00:00,24403.42,24496.41,24251.01,24274.69,325.5504293035873
2023-03-14 03:00:00,24275.95,24409.9,24220.7,24374.2,328.74758911525845
2023-03-14 04:00:00,24375.68,24432.1,24322.46,24414.06,330.06716608322756
2023-03-14 05:00:00,24414.9,24820.0,24188.4,24317.8,331.49153517252785
2023-03-14 06:00:00,24317.8,24437.31,24284.42,24325.38,331.41804456496595
2023-03-14 07:00:00,24325.38,24403.6,24139.06,24247.64,331.43673185794535
2023-03-14 08:00:00,24246.75,24290.74,24118.28,24219.61,331.17327482047403
2023-03-14 09:00:00,24219.61,24287.27,24150.0,24280.22,330.8554456666332
2023-03-14 10:00:00,24280.74,24621.16,24247.82,24569.36,330.8855566904486
2023-03-14 11:00:00,24568.41,24820.0,24443.1,24743.04,331.53235026018405
2023-03-14 12:00:00,24743.05,26025.0,24458.04,25832.57,335.2423728606543
2023-03-14 13:00:00,25832.57,26386.87,25588.0,25759.64,340.1705605134734
2023-03-14 14:00:00,25762.88,26140.0,25633.88,25815.75,345.07347285775705
2023-03-14 15:00:00,25819.65,25959.27,25770.0,25894.67,349.0090343203046
2023-03-14 16:00:00,25894.67,26001.81,25715.63,25867.21,352.4869366307647
2023-03-14 17:00:00,25868.5,25889.0,25601.4,25628.25,355.91784591904974
2023-03-14 18:00:00,25629.32,25650.37,24850.82,24990.18,360.5379283534105
2023-03-14 19:00:00,24987.84,25160.0,24212.49,25054.15,365.98367156626864
2023-03-14 20:00:00,25048.39,25167.9,24487.9,24570.06,369.8971950258226
2023-03-14 21:00:00,24570.06,24628.88,23976.42,24535.95,372.61215728588104
2023-03-14 22:00:00,24536.99,24790.0,24388.0,24698.39,375.02147938450645
2023-03-14 23:00:00,24698.39,24777.87,24603.43,24670.41,376.8323022856112
2023-03-15 00:00:00,24670.41,24742.29,24284.6,24720.06,378.8277568842564
2023-03-15 01:00:00,24722.48,25074.24,24650.4,24906.01,381.0021313925226
2023-03-15 02:00:00,24906.0,24971.22,24797.04,24827.89,382.8216458168654
2023-03-15 03:00:00,24826.9,24855.0,24642.63,24717.65,384.6008377823272
2023-03-15 04:00:00,24716.87,24816.66,24666.57,24799.9,386.2526827026375
2023-03-15 05:00:00,24799.9,24873.8,24672.83,24699.71,387.60746727149734
2023-03-15 06:00:00,24700.61,24847.49,24599.0,24781.98,388.82907675210544
2023-03-15 07:00:00,24780.59,24918.59,24711.5,24871.28,389.67204746028904
2023-03-15 08:00:00,24872.54,24922.22,24750.41,24754.7,390.279591689317
2023-03-15 09:00:00,24754.7,24785.0,24462.19,24516.74,391.161858949605
2023-03-15 10:00:00,24514.84,24648.1,24385.83,24538.14,392.34451188177775
2023-03-15 11:00:00,24539.68,24817.53,24255.0,24754.5,393.27823722355663
2023-03-15 12:00:00,24753.27,25196.97,24405.38,24808.12,395.66598218378016
2023-03-15 13:00:00,24808.12,25128.0,24708.89,24777.01,398.2511977420831
2023-03-15 14:00:00,24777.01,24952.35,24429.64,24706.61,401.48568361765035
2023-03-15 15:00:00,24706.61,24819.92,24371.6,24471.01,405.2297300259154
2023-03-15 16:00:00,24471.01,24523.0,24060.35,24104.69,408.91898740501864
2023-03-15 17:00:00,24102.12,24360.0,23896.95,24281.86,412.5498454475191
2023-03-15 18:00:00,24280.33,24512.38,24139.73,24409.25,413.0777612488872
2023-03-15 19:00:00,24410.66,24479.9,24155.04,24366.71,412.4393735406333
2023-03-15 20:00:00,24369.97,24430.0,24229.68,24318.56,411.11848971630224
2023-03-15 21:00:00,24317.04,24450.0,24286.06,24422.31,409.8316452127569
2023-03-15 22:00:00,24422.31,24633.02,24273.75,24361.12,408.8107419832744
2023-03-15 23:00:00,24362.78,24443.05,24223.0,24285.66,407.70192707970745
2023-03-16 00:00:00,24285.66,24384.12,24144.87,24202.64,405.33826562163307
2023-03-16 01:00:00,24201.11,24344.36,24123.0,24322.5,401.4145085534208
2023-03-16 02:00:00,24322.5,24439.8,24301.59,24362.64,396.4810436567473
2023-03-16 03:00:00,24363.88,24382.95,24231.1,24265.43,390.70804053840754
2023-03-16 04:00:00,24265.44,24313.72,24182.0,24262.65,384.70387097613974
2023-03-16 05:00:00,24263.36,24461.04,24228.0,24342.8,379.2680944778435
2023-03-16 06:00:00,24342.8,24599.96,24336.35,24568.74,373.75849249133046
2023-03-16 07:00:00,24568.76,24685.0,24527.51,24614.27,368.0082668371873
2023-03-16 08:00:00,24615.79,24660.49,24555.0,24581.1,362.505223967864
2023-03-16 09:00:00,24581.1,24848.88,24374.35,24658.21,358.01944606539735
2023-03-16 10:00:00,24658.21,25066.32,24567.43,24930.23,354.6845570607259
2023-03-16 11:00:00,24930.23,24935.2,24724.57,24824.62,351.61087441353106
2023-03-16 12:00:00,24826.33,24913.35,24646.0,24720.18,348.80164528875497
2023-03-16 13:00:00,24720.18,24850.0,24515.23,24832.09,346.4970753871773
2023-03-16 14:00:00,24832.09,25032.74,24678.57,24846.64,344.791308097617
2023-03-16 15:00:00,24846.64,24939.45,24752.03,24888.44,342.8850241858825
2023-03-16 16:00:00,24889.94,24918.95,24690.0,24780.79,341.03557007736714
2023-03-16 17:00:00,24779.02,24810.0,24620.0,24684.98,338.4312436432695
2023-03-16 18:00:00,24684.94,24831.0,24620.0,24790.77,334.6305833830359
2023-03-16 19:00:00,24788.96,25167.4,24786.27,24953.21,331.01097028424755
2023-03-16 20:00:00,24953.21,24959.04,24623.52,24696.87,327.20421050203936
2023-03-16 21:00:00,24698.41,25090.0,24655.62,24914.01,323.6361716566555
2023-03-16 22:00:00,24915.22,24999.42,24832.01,24981.59,319.6200403478467
2023-03-16 23:00:00,24982.64,25075.0,24920.5,24998.78,315.1561327039528
2023-03-17 00:00:00,24998.78,25002.61,24890.0,24918.14,310.39193274890846
2023-03-17 01:00:00,24919.03,25730.0,24910.0,25666.59,307.14693755255774
2023-03-17 02:00:00,25663.78,25896.0,25491.39,25580.16,304.6201324892798
2023-03-17 03:00:00,25578.86,25788.5,25561.66,25781.66,302.42357540671213
2023-03-17 04:00:00,25781.66,25879.91,25700.0,25722.04,299.956867639566
2023-03-17 05:00:00,25721.25,25769.0,25656.0,25765.88,297.4114723319779
2023-03-17 06:00:00,25765.88,26196.4,25756.39,26142.14,295.5258909749318
2023-03-17 07:00:00,26140.84,26169.39,25881.73,26058.45,293.9328511433891
2023-03-17 08:00:00,26060.07,26212.0,25918.02,25996.41,292.8244808236232
2023-03-17 09:00:00,25995.56,26344.16,25993.28,26240.16,292.269160764793
2023-03-17 10:00:00,26240.16,26788.81,26228.57,26706.71,292.77379213873644
2023-03-17 11:00:00,26705.7,26970.0,26574.53,26918.73,293.62911650977907
2023-03-17 12:00:00,26920.11,26935.12,26351.35,26631.94,295.18563199717585
2023-03-17 13:00:00,26633.99,26756.58,26365.84,26453.89,297.18632494975856
2023-03-17 14:00:00,26453.88,26623.9,26118.19,26283.0,299.9970160247759
2023-03-17 15:00:00,26283.0,26516.46,26235.53,26421.34,302.14599107062526
2023-03-17 16:00:00,26419.28,26573.43,26355.41,26393.98,303.47272980367586
2023-03-17 17:00:00,26393.98,26650.0,26380.04,26487.79,304.8459633891277
2023-03-17 18:00:00,26487.39,26619.26,26264.0,26617.57,306.3304183851424
2023-03-17 19:00:00,26614.66,26860.66,26563.67,26834.87,307.6188885004894
2023-03-17 20:00:00,26834.87,26880.0,26588.38,26769.59,308.6663964647402
2023-03-17 21:00:00,26769.59,27239.49,26729.72,27094.27,310.4065824315445
2023-03-17 22:00:00,27094.27,27756.84,26971.01,27513.31,313.34837416262474
2023-03-17 23:00:00,27513.31,27699.26,27251.6,27395.13,316.69351410338965
2023-03-18 00:00:00,27395.13,27652.61,27060.0,27627.51,320.70831071505233
2023-03-18 01:00:00,27623.5,27724.85,27226.29,27329.78,324.71593137826295
2023-03-18 02:00:00,27329.19,27483.0,27215.0,27290.98,328.2765315179109
2023-03-18 03:00:00,27289.76,27357.33,27167.56,27307.54,331.00039831425056
2023-03-18 04:00:00,27306.57,27403.79,27212.56,27331.24,333.5864174822803
2023-03-18 05:00:00,27331.24,27612.31,27294.99,27578.05,336.3753876621175
2023-03-18 06:00:00,27578.04,27609.78,27443.04,27505.28,339.09402663863295
2023-03-18 07:00:00,27504.1,27513.47,27277.0,27359.89,340.2291199739687
2023-03-18 08:00:00,27360.43,27365.79,27055.83,27217.57,341.0577780710662
2023-03-18 09:00:00,27216.53,27438.9,27130.43,27398.26,342.02160344694244
2023-03-18 10:00:00,27398.26,27500.0,27359.22,27465.19,342.82341748644654
2023-03-18 11:00:00,27464.65,27482.04,27307.2,27443.09,343.7151971897957
2023-03-18 12:00:00,27443.09,27637.2,27281.93,27503.25,344.3415164381436
2023-03-18 13:00:00,27503.25,27536.73,27351.06,27414.93,344.6802652639905
2023-03-18 14:00:00,27414.04,27615.0,27398.0,27525.56,344.81153203084835
2023-03-18 15:00:00,27526.17,27543.83,27057.0,27226.23,345.2571130762639
2023-03-18 16:00:00,27227.63,27463.0,26578.0,27343.98,346.444104999388
2023-03-18 17:00:00,27345.82,27489.94,26904.35,27307.07,347.99897845181266
2023-03-18 18:00:00,27309.57,27369.86,27213.3,27319.7,348.42562284811174
2023-03-18 19:00:00,27319.7,27431.58,27270.01,27329.83,348.2761497875324
2023-03-18 20:00:00,27329.14,27449.95,27235.0,27317.96,347.44506765985153
2023-03-18 21:00:00,27316.12,27346.47,27138.83,27189.87,346.49884854129067
2023-03-18 22:00:00,27192.19,27240.0,26862.15,26910.45,346.0007641216747
2023-03-18 23:00:00,26910.45,27066.0,26810.0,26907.49,345.50501906536465
2023-03-19 00:00:00,26907.49,27125.94,26901.02,27077.54,344.7343510368862
2023-03-19 01:00:00,27077.54,27188.09,27030.73,27104.91,343.6862783437753
2023-03-19 02:00:00,27104.91,27187.17,27054.78,27116.07,342.33394893826755
2023-03-19 03:00:00,27116.07,27255.19,27080.57,27198.71,340.28023829981987
2023-03-19 04:00:00,27198.71,27291.4,27117.58,27142.0,336.9160546117375
2023-03-19 05:00:00,27141.0,27194.28,27034.13,27060.08,333.10762213947055
2023-03-19 06:00:00,27061.14,27089.71,26893.77,26934.96,328.6267681771273
2023-03-19 07:00:00,26934.96,27012.21,26827.22,26974.81,323.7193799739992
2023-03-19 08:00:00,26973.76,27094.02,26872.0,26982.58,319.0530433091897
2023-03-19 09:00:00,26982.57,27048.0,26912.84,27043.27,314.5899925966286
2023-03-19 10:00:00,27043.24,27108.0,26977.77,27052.8,310.30049312544077
2023-03-19 11:00:00,27052.8,27200.0,26931.64,27160.98,306.20081504505214
2023-03-19 12:00:00,27162.33,27388.54,27135.67,27246.96,302.5990425418341
2023-03-19 13:00:00,27246.96,27286.65,27110.12,27178.27,299.1118252174174
2023-03-19 14:00:00,27178.26,27365.64,27176.27,27327.72,295.5865757971257
2023-03-19 15:00:00,27327.74,27750.0,27304.54,27546.62,292.6392965735214
2023-03-19 16:00:00,27546.62,28186.87,27470.0,27923.37,291.2741801516033
2023-03-19 17:00:00,27918.86,28065.0,27716.18,27897.98,290.42081014077445
2023-03-19 18:00:00,27897.98,28320.0,27833.73,28303.69,289.94029989262384
2023-03-19 19:00:00,28309.09,28376.0,28162.6,28255.87,289.5601356145793
2023-03-19 20:00:00,28255.35,28390.1,27738.0,27889.22,290.24307830877603
2023-03-19 21:00:00,27887.19,28216.92,27868.0,27975.77,290.54888223910154
2023-03-19 22:00:00,27977.53,28162.62,27870.01,28112.88,289.42239065059425
2023-03-19 23:00:00,28110.24,28299.31,27891.56,27972.87,287.95293417555183
2023-03-20 00:00:00,27972.87,28057.44,27779.65,27825.47,286.877081734441
2023-03-20 01:00:00,27824.83,27878.89,27566.0,27675.84,286.2383616105523
2023-03-20 02:00:00,27675.84,27747.16,27213.06,27434.91,286.4051453050366
2023-03-20 03:00:00,27436.06,27496.74,27124.47,27269.17,286.95199206896257
2023-03-20 04:00:00,27269.18,27464.97,27141.36,27437.0,287.33063549260805
2023-03-20 05:00:00,27436.29,27540.89,27340.88,27519.97,287.5489234336122
2023-03-20 06:00:00,27520.9,27733.0,27465.42,27628.5,287.8531908074018
2023-03-20 07:00:00,27629.77,28268.0,27626.64,28183.13,289.28810574973016
2023-03-20 08:00:00,28183.13,28443.32,28006.0,28313.85,291.3465505771304
2023-03-20 09:00:00,28313.85,28472.0,28020.0,28198.04,293.91839220257344
2023-03-20 10:00:00,28198.05,28256.98,27919.66,28101.4,296.6958165690563
2023-03-20 11:00:00,28101.4,28267.1,28037.99,28188.93,299.43904395698075
2023-03-20 12:00:00,28188.95,28258.58,28078.01,28224.99,301.949731293387
2023-03-20 13:00:00,28223.49,28226.65,27715.8,27822.73,305.05694096290694
2023-03-20 14:00:00,27821.17,28150.0,27816.66,28055.89,308.20725470365164
2023-03-20 15:00:00,28054.95,28129.83,27620.0,27694.46,312.02461746291465
2023-03-20 16:00:00,27698.15,27787.74,27461.35,27553.81,316.0363590727065
2023-03-20 17:00:00,27553.81,27800.0,27489.45,27626.96,319.86200009132267
2023-03-20 18:00:00,27623.82,28041.48,27570.58,27980.02,323.9335000847996
2023-03-20 19:00:00,27980.02,28013.0,27633.17,27785.1,328.1982262692187
2023-03-20 20:00:00,27784.57,28034.19,27752.94,28001.0,332.37709105951257
2023-03-20 21:00:00,28002.37,28186.71,27921.68,27996.09,335.8278702695474
2023-03-20 22:00:00,27996.09,28058.1,27859.75,27952.2,337.79759382172256
2023-03-20 23:00:00,27950.87,28015.21,27577.02,27717.01,339.8394085487424
2023-03-21 00:00:00,27717.01,27953.33,27664.51,27850.21,341.2652603190703
2023-03-21 01:00:00,27850.21,27934.63,27711.0,27875.65,342.613622677232
2023-03-21 02:00:00,27874.6,27907.8,27773.29,27779.74,342.63331629552493
2023-03-21 03:00:00,27779.74,27838.0,27726.13,27787.29,342.0871984648922
2023-03-21 04:00:00,27787.29,27968.0,27780.05,27906.81,341.33089857454274
2023-03-21 05:00:00,27907.08,27917.95,27732.34,27801.41,340.0997153430278
2023-03-21 06:00:00,27802.21,27803.21,27606.96,27637.01,338.76233091376395
2023-03-21 07:00:00,27637.01,27684.88,27303.1,27505.25,337.684497753257
2023-03-21 08:00:00,27505.25,27686.42,27393.52,27646.65,336.1093669613577
2023-03-21 09:00:00,27647.95,28099.99,27550.0,27929.23,335.0698883688798
2023-03-21 10:00:00,27927.06,28177.0,27897.48,27962.2,333.99968205681694
2023-03-21 11:00:00,27962.2,28078.01,27877.29,28040.13,333.00760952894905
2023-03-21 12:00:00,28040.13,28244.87,27922.39,28188.92,332.2171136102146
2023-03-21 13:00:00,28188.92,28224.8,27900.0,28037.9,330.72936739996123
2023-03-21 14:00:00,28037.04,28123.75,27730.0,27887.98,329.2441506809164
2023-03-21 15:00:00,27890.45,28107.69,27854.12,28041.06,327.39256848942233
2023-03-21 16:00:00,28041.06,28438.55,28012.65,28343.92,325.88414693065414
2023-03-21 17:00:00,28343.92,28416.0,27960.66,27988.69,325.02211262608364
2023-03-21 18:00:00,27988.69,28163.0,27935.07,28128.77,324.3344141051728
2023-03-21 19:00:00,28128.77,28226.33,28080.56,28126.84,322.82659881194627
2023-03-21 20:00:00,28126.85,28214.99,28035.06,28077.28,321.061222706331
2023-03-21 21:00:00,28077.35,28104.0,27900.0,27997.84,318.69377822730735
2023-03-21 22:00:00,27997.84,28072.27,27921.25,28031.17,316.0778893063092
2023-03-21 23:00:00,28031.86,28150.0,27986.09,28105.47,313.2997067368109
2023-03-22 00:00:00,28107.81,28117.25,27945.44,28028.91,310.00784673180067
2023-03-22 01:00:00,28028.91,28097.04,27975.0,28086.85,306.33733387000535
2023-03-22 02:00:00,28086.85,28147.0,28048.0,28049.59,302.4950719269097
2023-03-22 03:00:00,28049.59,28280.0,28021.0,28154.14,298.91290012260663
2023-03-22 04:00:00,28154.14,28224.97,28122.12,28196.41,295.3592167805157
2023-03-22 05:00:00,28196.42,28288.0,28181.15,28201.52,291.2704632009551
2023-03-22 06:00:00,28201.53,28218.58,28151.0,28205.16,286.94700154374397
2023-03-22 07:00:00,28205.16,28238.83,28028.24,28103.69,282.9013109572861
2023-03-22 08:00:00,28103.68,28213.23,28053.71,28086.99,279.20414588890856
2023-03-22 09:00:00,28086.99,28130.0,28000.0,28099.99,275.8142307063674
2023-03-22 10:00:00,28099.99,28186.7,28067.63,28154.95,272.50245232257924
2023-03-22 11:00:00,28154.95,28200.0,28115.85,28122.74,269.1856581090617
2023-03-22 12:00:00,28122.73,28246.25,28105.35,28220.08,265.9739920536525
2023-03-22 13:00:00,28220.07,28391.99,28166.66,28285.56,262.61923071648687
2023-03-22 14:00:00,28285.55,28736.0,28279.69,28563.61,259.8931666176902
2023-03-22 15:00:00,28563.61,28730.0,28442.83,28595.07,256.7360594783314
2023-03-22 16:00:00,28595.06,28703.0,28482.84,28647.26,253.66312665845058
2023-03-22 17:00:00,28647.26,28647.27,28315.0,28516.34,251.12290332570413
2023-03-22 18:00:00,28516.34,28868.05,27781.51,28027.99,250.58331499291577
2023-03-22 19:00:00,28028.0,28028.0,26650.27,26667.33,252.58924487437417
2023-03-22 20:00:00,26668.8,27377.0,26601.8,27311.29,255.36010833572843
2023-03-22 21:00:00,27311.28,27437.98,27073.11,27083.55,258.1980529784145
2023-03-22 22:00:00,27083.55,27254.0,26973.76,27209.19,260.48647776567066
2023-03-22 23:00:00,27209.2,27340.0,27186.99,27250.97,261.891610306218
2023-03-23 00:00:00,27250.97,27428.69,27195.63,27322.28,263.20859052244055
2023-03-23 01:00:00,27322.27,27322.28,27105.0,27150.91,264.6017626279805
2023-03-23 02:00:00,27150.91,27346.16,27144.62,27346.16,265.94687482122004
2023-03-23 03:00:00,27346.16,27415.64,27299.0,27356.78,266.9879075720853
2023-03-23 04:00:00,27356.79,27420.0,27258.0,27275.16,267.9807236978887
2023-03-23 05:00:00,27275.16,27700.0,27274.77,27629.18,269.52481486232523
2023-03-23 06:00:00,27629.19,27690.44,27560.48,27647.67,270.85897094358774
2023-03-23 07:00:00,27647.68,27672.83,27537.0,27631.93,272.13066349523626
2023-03-23 08:00:00,27631.93,27738.27,27560.14,27632.02,273.4999256265289
2023-03-23 09:00:00,27632.03,27640.61,27575.0,27622.82,274.31093093891974
2023-03-23 10:00:00,27622.82,27667.57,27587.01,27612.55,275.01093587185403
2023-03-23 11:00:00,27612.54,27629.99,27439.5,27584.53,275.8600833095788
2023-03-23 12:00:00,27584.52,27645.37,27450.0,27469.99,276.9528392636565
2023-03-23 13:00:00,27470.0,27495.68,27275.92,27369.0,277.9893745543477
2023-03-23 14:00:00,27369.01,28099.99,27300.0,28045.3,280.4768001814181
2023-03-23 15:00:00,28045.31,28750.0,27975.27,28580.87,284.3216239779835
2023-03-23 16:00:00,28580.86,28647.05,28351.81,28464.96,288.31126988431805
2023-03-23 17:00:00,28464.96,28509.98,28150.0,28297.16,292.67267917829537
2023-03-23 18:00:00,28297.16,28395.0,27784.68,27903.8,297.84022590365527
2023-03-23 19:00:00,27903.79,28456.2,27772.22,28369.99,303.7306859581561
2023-03-23 20:00:00,28369.82,28371.92,28096.6,28280.03,308.76947029447825
2023-03-23 21:00:00,28280.03,28280.03,27967.93,28163.79,313.5076986067774
2023-03-23 22:00:00,28163.8,28265.17,28087.93,28214.1,317.8052915634362
2023-03-23 23:00:00,28214.1,28438.0,28186.74,28295.41,321.60303264223836
2023-03-24 00:00:00,28295.42,28374.3,28182.02,28195.3,323.0003160249356
2023-03-24 01:00:00,28195.29,28318.8,28137.93,28253.0,321.4481267850593
2023-03-24 02:00:00,28253.0,28309.99,28134.86,28186.28,318.5780701099359
2023-03-24 03:00:00,28186.28,28237.1,28158.4,28219.98,315.2316603401786
2023-03-24 04:00:00,28219.98,28254.48,28102.15,28130.41,311.81973222064204
2023-03-24 05:00:00,28130.41,28300.22,28130.4,28284.45,308.6915370620247
2023-03-24 06:00:00,28284.45,28335.32,28234.0,28262.83,305.47311774807054
2023-03-24 07:00:00,28262.84,28320.0,28162.43,28274.59,302.34241886130354
2023-03-24 08:00:00,28274.58,28295.72,27934.48,28034.37,299.81557941882954
2023-03-24 09:00:00,28034.38,28190.35,28000.0,28041.11,297.6447285079607
2023-03-24 10:00:00,28041.11,28085.06,27941.0,28039.71,295.58622409072535
2023-03-24 11:00:00,28039.71,28091.03,27963.84,28080.0,292.9651366556736
2023-03-24 12:00:00,28080.0,28080.0,28080.0,28080.0,290.22184118026837
2023-03-24 14:00:00,28079.99,28253.01,27835.0,27989.06,288.34635252453484
2023-03-24 15:00:00,27989.07,28076.82,27843.41,28018.04,286.73644639182993
2023-03-24 16:00:00,28018.04,28059.63,27831.33,27831.33,285.62889069717534
2023-03-24 17:00:00,27831.33,27909.28,27523.81,27609.99,285.3264223140438
2023-03-24 18:00:00,27609.99,27815.58,27562.51,27740.01,285.19455881542154
2023-03-24 19:00:00,27740.02,27880.84,27687.18,27821.6,285.06804270955814
2023-03-24 20:00:00,27821.59,27860.0,27486.89,27584.82,285.3156825160182
2023-03-24 21:00:00,27584.83,27621.66,27000.0,27335.14,285.12103852677876
2023-03-24 22:00:00,27335.13,27443.19,27275.15,27298.05,283.49579767962786
2023-03-24 23:00:00,27298.06,27517.14,27280.88,27454.47,281.8462168929877
2023-03-25 00:00:00,27454.46,27586.0,27425.19,27556.35,279.840249019679
2023-03-25 01:00:00,27556.34,27566.12,27420.0,27498.54,276.8723264706543
2023-03-25 02:00:00,27498.54,27658.2,27459.18,27599.66,272.9617317227504
2023-03-25 03:00:00,27599.66,27639.94,27540.53,27581.65,268.91163183779196
2023-03-25 04:00:00,27581.65,27608.2,27492.57,27535.25,264.68303908747345
2023-03-25 05:00:00,27535.26,27544.39,27375.9,27458.73,260.7356553431301
2023-03-25 06:00:00,27458.74,27536.5,27405.5,27495.66,256.7838942471922
2023-03-25 07:00:00,27495.66,27583.97,27470.26,27485.36,252.9273303723927
2023-03-25 08:00:00,27485.37,27512.65,27337.96,27422.56,249.33152106007893
2023-03-25 09:00:00,27422.56,27519.0,27309.8,27481.96,246.0736743176923
2023-03-25 10:00:00,27481.96,27537.79,27397.47,27477.01,243.1952451997619
2023-03-25 11:00:00,27477.0,27530.0,27423.59,27457.2,240.41308482835032
2023-03-25 12:00:00,27457.19,27480.17,27372.81,27451.71,237.68093591203962
2023-03-25 13:00:00,27451.72,27619.0,27357.14,27566.96,235.52617858498914
2023-03-25 14:00:00,27566.97,27648.0,27519.39,27527.06,233.45638011463274
2023-03-25 15:00:00,27527.06,27787.33,27485.0,27647.43,231.39416248739707
2023-03-25 16:00:00,27647.44,27730.0,27624.14,27629.22,229.278079452583
2023-03-25 17:00:00,27629.23,27647.36,27380.0,27481.58,227.60671663454136
2023-03-25 18:00:00,27481.57,27535.63,27431.05,27442.92,226.00090354159792
2023-03-25 19:00:00,27442.92,27442.92,27159.57,27189.68,225.1844342410076
2023-03-25 20:00:00,27189.69,27430.14,27156.09,27354.72,224.0835222714118
2023-03-25 21:00:00,27354.73,27455.0,27349.09,27411.54,222.75767544250144
2023-03-25 22:00:00,27411.54,27529.29,27391.05,27447.32,221.31210338708468
2023-03-25 23:00:00,27447.31,27486.5,27404.99,27462.95,219.2460721927691
2023-03-26 00:00:00,27462.96,27630.32,27417.76,27531.28,217.231162274238
2023-03-26 01:00:00,27531.28,27650.0,27516.91,27593.34,215.21596020703052
2023-03-26 02:00:00,27593.34,27615.25,27563.51,27589.64,212.5795344779569
2023-03-26 03:00:00,27589.63,27617.65,27504.83,27529.26,208.91990106286477
2023-03-26 04:00:00,27529.27,27536.7,27462.27,27516.61,205.29878908218396
2023-03-26 05:00:00,27516.62,27556.06,27462.15,27544.81,201.5973993858375
2023-03-26 06:00:00,27544.81,27570.93,27478.9,27496.68,197.99663276303957
2023-03-26 07:00:00,27496.67,27536.23,27481.26,27504.94,194.436039946632
2023-03-26 08:00:00,27504.94,27766.13,27480.01,27659.2,191.33715614092023
2023-03-26 09:00:00,27659.2,27735.35,27626.21,27686.73,188.48278784514022
2023-03-26 10:00:00,27686.74,27717.76,27635.45,27678.63,185.7529696657255
2023-03-26 11:00:00,27678.62,27915.08,27649.38,27865.95,183.44959088007843
2023-03-26 12:00:00,27865.96,27906.63,27865.95,27902.71,181.09569153150142
