open_time,open,high,low,close,atr,close_smooth,position
2023-02-25 07:00:00,23084.9,23115.3,23062.7,23115.0,,23138.46724574299,0
2023-02-25 08:00:00,23115.0,23150.0,23091.2,23092.6,,23075.062328130087,0
2023-02-25 09:00:00,23092.6,23115.1,22991.3,23058.2,,23029.329950853084,0
2023-02-25 10:00:00,23058.2,23067.0,22925.5,22926.9,,22998.352621657265,0
2023-02-25 11:00:00,22926.9,23011.6,22906.0,22983.0,,22979.512709251998,0
2023-02-25 12:00:00,22983.0,23018.3,22860.0,23017.1,,22970.47808571471,0
2023-02-25 13:00:00,23017.1,23085.8,22992.0,23000.1,,22969.18776889489,0
2023-02-25 14:00:00,23000.1,23045.0,22975.4,22996.5,,22973.837564818095,0
2023-02-25 15:00:00,22996.5,23028.0,22970.0,23004.0,,22982.86571008992,0
2023-02-25 16:00:00,23004.0,23078.0,22993.1,23011.3,,22994.938514300025,0
2023-02-25 17:00:00,23011.3,23050.0,23000.8,23045.9,,23008.936002426104,0
2023-02-25 18:00:00,23045.9,23046.8,22975.7,22979.1,,23023.937557237896,0
2023-02-25 19:00:00,22979.1,23015.0,22910.1,22985.5,,23039.207561701165,0
2023-02-25 20:00:00,22985.5,22996.0,22712.3,22930.0,,23054.181041381722,0
2023-02-25 21:00:00,22930.0,22961.9,22851.9,22945.1,,23068.449306849387,0
2023-02-25 22:00:00,22945.1,23167.6,22911.0,23121.5,,23081.745596082004,0
2023-02-25 23:00:00,23121.5,23188.0,23107.1,23154.8,,23093.930716869443,0
2023-02-26 00:00:00,23154.8,23157.0,23075.7,23092.3,,23104.978689217576,0
2023-02-26 01:00:00,23092.3,23116.2,23064.4,23108.9,,23114.962387752275,0
2023-02-26 02:00:00,23108.9,23248.7,23060.1,23238.5,,23124.039184123434,0
2023-02-26 03:00:00,23238.5,23247.6,23187.0,23212.1,,23132.43658940892,0
2023-02-26 04:00:00,23212.1,23223.3,23153.0,23186.4,,23140.437896518608,0
2023-02-26 05:00:00,23186.4,23196.7,23124.0,23124.0,,23148.367822598357,0
2023-02-26 06:00:00,23124.0,23166.3,23089.1,23166.3,,23156.578151434,0
2023-02-26 07:00:00,23166.3,23199.9,23135.4,23141.0,,23165.4333762144,0
2023-02-26 08:00:00,23141.0,23169.9,23110.0,23150.0,,23180.481977541964,0
2023-02-26 09:00:00,23150.0,23288.0,23149.9,23270.0,,23198.053581679673,0
2023-02-26 10:00:00,23270.0,23270.0,23208.0,23225.2,,23216.448558217344,0
2023-02-26 11:00:00,23225.2,23243.9,23199.0,23243.4,,23242.20786087899,0
2023-02-26 12:00:00,23243.4,23270.0,23117.0,23153.5,,23265.809299624267,0
2023-02-26 13:00:00,23153.5,23207.0,23129.4,23207.0,,23296.579960149087,0
2023-02-26 14:00:00,23207.0,23320.0,23173.4,23184.0,,23324.832130917468,0
2023-02-26 15:00:00,23184.0,23246.8,23161.8,23244.7,,23339.85230669576,0
2023-02-26 16:00:00,23244.7,23253.7,23162.0,23180.7,,23349.14840482203,0
2023-02-26 17:00:00,23180.7,23237.1,23135.3,23237.0,,23358.49620725909,0
2023-02-26 18:00:00,23237.0,23531.5,23215.4,23477.1,,23367.34746178753,0
2023-02-26 19:00:00,23477.1,23544.0,23352.7,23492.5,,23380.80061930124,0
2023-02-26 20:00:00,23492.5,23685.7,23454.9,23633.6,,23398.07567085565,0
2023-02-26 21:00:00,23633.6,23642.0,23535.1,23546.2,,23421.16033622758,0
2023-02-26 22:00:00,23546.2,23583.0,23313.7,23468.3,,23448.250353543637,0
2023-02-26 23:00:00,23468.3,23629.9,23449.0,23548.3,,23467.22415907578,0
2023-02-27 00:00:00,23548.3,23555.0,23445.1,23483.1,,23479.033994820777,0
2023-02-27 01:00:00,23483.1,23550.0,23423.2,23543.2,,23491.41797161522,0
2023-02-27 02:00:00,23543.2,23637.2,23512.0,23551.1,113.95788115028792,23502.204877706605,0
2023-02-27 03:00:00,23551.1,23624.9,23530.0,23538.9,114.6979106190542,23505.652921733585,0
2023-02-27 04:00:00,23538.9,23540.4,23453.0,23484.3,114.80946817964724,23504.14667653777,0
2023-02-27 05:00:00,23484.3,23499.4,23342.0,23384.7,115.14622154402215,23499.718805686436,0
2023-02-27 06:00:00,23384.7,23425.7,23364.3,23401.2,115.44523795391368,23496.848853642947,0
2023-02-27 07:00:00,23401.2,23449.1,23398.8,23415.0,115.77082156437817,23486.77857914198,0
2023-02-27 08:00:00,23415.0,23443.7,23333.8,23357.1,115.8260353082326,23480.581342607773,0
2023-02-27 09:00:00,23357.1,23434.7,23330.0,23387.2,116.02244980984044,23475.43596638414,0
2023-02-27 10:00:00,23387.2,23409.9,23350.0,23378.1,116.2045102037307,23468.14675928408,0
2023-02-27 11:00:00,23378.1,23443.0,23369.5,23422.9,116.3949299260872,23460.899165906998,0
2023-02-27 12:00:00,23422.9,23435.2,23379.6,23400.0,116.53320417005264,23452.293980564966,0
2023-02-27 13:00:00,23400.0,23795.0,23399.9,23700.0,117.48062179266638,23444.1747733155,0
2023-02-27 14:00:00,23700.0,23850.1,23674.7,23795.0,118.65533496977498,23435.09110413512,0
2023-02-27 15:00:00,23795.0,23889.0,23453.3,23550.0,120.44969464398427,23431.03112055913,0
2023-02-27 16:00:00,23550.0,23600.0,23137.0,23387.9,123.09595044962622,23423.446002995326,0
2023-02-27 17:00:00,23387.9,23431.9,23260.0,23328.1,125.87337608396793,23423.71334574134,0
2023-02-27 18:00:00,23328.1,23365.2,23146.2,23285.0,128.59205132776628,23424.67770511818,0
2023-02-27 19:00:00,23285.0,23357.5,23212.5,23270.0,131.28193461774524,23413.32057426085,0
2023-02-27 20:00:00,23270.0,23322.6,23083.8,23316.0,133.98745929279892,23406.63355178415,0
2023-02-27 21:00:00,23316.0,23389.9,23291.0,23370.6,136.53458484214025,23393.123369822762,0
2023-02-27 22:00:00,23370.6,23560.0,23351.6,23470.0,139.18005434585277,23386.646390223115,0
2023-02-27 23:00:00,23470.0,23575.0,23443.0,23484.1,141.70683185949895,23385.936763731,0
2023-02-28 00:00:00,23484.1,23544.1,23405.0,23413.1,143.58921978380826,23383.884148240773,0
2023-02-28 01:00:00,23413.1,23450.0,23341.0,23417.2,145.1266201864713,23390.502876502953,0
2023-02-28 02:00:00,23417.2,23467.2,23381.0,23430.0,146.19061924531007,23395.80474816298,0
2023-02-28 03:00:00,23430.0,23516.4,23429.9,23451.9,147.13234360236746,23399.880879812008,0
2023-02-28 04:00:00,23451.9,23453.0,23373.8,23400.3,147.5332819137373,23408.32047286333,0
2023-02-28 05:00:00,23400.3,23432.5,23352.6,23365.9,147.65869279946494,23404.941483869043,0
2023-02-28 06:00:00,23365.9,23398.5,23354.1,23380.0,147.62176853959028,23401.429978632616,0
2023-02-28 07:00:00,23380.0,23383.2,23210.0,23223.0,147.69976524184338,23391.68358592845,0
2023-02-28 08:00:00,23223.0,23293.6,23197.5,23258.9,147.70379430221828,23383.697750389776,0
2023-02-28 09:00:00,23258.9,23313.0,23237.4,23263.0,147.66501693520425,23371.564336221032,0
2023-02-28 10:00:00,23263.0,23385.0,23247.6,23354.4,147.75222660183573,23360.41556101427,0
2023-02-28 11:00:00,23354.4,23418.1,23332.2,23385.4,147.66040288244554,23350.627780321753,0
2023-02-28 12:00:00,23385.4,23500.0,23382.0,23444.5,147.71519444903052,23342.60399828372,0
2023-02-28 13:00:00,23444.5,23478.0,23360.5,23402.2,147.93138792478416,23339.385974791654,0
2023-02-28 14:00:00,23402.2,23570.8,23303.9,23416.0,148.50767424641455,23326.76041974407,0
2023-02-28 15:00:00,23416.0,23534.9,23400.7,23512.7,149.1139890773785,23309.0839911796,0
2023-02-28 16:00:00,23512.7,23592.9,23421.0,23450.3,149.9471965438141,23298.16765891388,0
2023-02-28 17:00:00,23450.3,23552.4,23443.8,23515.2,150.80644973937632,23295.223294110507,0
2023-02-28 18:00:00,23515.2,23537.0,23430.8,23472.0,151.7273568211959,23298.021429101198,0
2023-02-28 19:00:00,23472.0,23481.5,23202.0,23252.5,152.29520605224,23297.718555225834,0
2023-02-28 20:00:00,23252.5,23345.8,23150.6,23262.4,152.86794956332886,23311.64335692513,0
2023-02-28 21:00:00,23262.4,23263.1,23010.0,23131.3,152.95387912488258,23336.957448326837,0
2023-02-28 22:00:00,23131.3,23235.8,23087.5,23149.5,152.2734401413983,23364.41651575994,0
2023-02-28 23:00:00,23149.5,23195.0,23093.5,23129.9,151.47395460602152,23393.97204686083,0
2023-03-01 00:00:00,23129.9,23208.1,23015.0,23096.7,150.66874707083474,23421.118844817687,0
2023-03-01 01:00:00,23096.7,23292.0,23071.2,23238.1,150.10270437468355,23447.934104169537,0
2023-03-01 02:00:00,23238.1,23323.2,23229.9,23320.8,149.228860074775,23475.27499741204,0
2023-03-01 03:00:00,23320.8,23485.0,23300.0,23429.7,148.62451898028638,23502.41757286898,0
2023-03-01 04:00:00,23429.7,23838.0,23413.7,23778.7,148.57729831434716,23528.604588599002,0
2023-03-01 05:00:00,23778.7,23818.0,23630.6,23682.7,148.6663410793843,23551.30803885943,0
2023-03-01 06:00:00,23682.7,23817.6,23662.0,23748.2,148.78895398201664,23574.09570393785,0
2023-03-01 07:00:00,23748.2,23758.0,23680.1,23707.9,148.82970822240267,23593.432172704706,0
2023-03-01 08:00:00,23707.9,24028.4,23684.7,23866.6,149.48232186372712,23620.310663290435,0
2023-03-01 09:00:00,23866.6,23904.0,23717.7,23750.1,150.32711479511372,23644.51899927876,0
2023-03-01 10:00:00,23750.1,23780.8,23659.4,23775.2,151.2130586544324,23668.174359150893,0
2023-03-01 11:00:00,23775.2,23784.0,23691.8,23733.8,152.06583122535136,23688.916006368112,0
2023-03-01 12:00:00,23733.8,23825.0,23700.0,23720.6,153.05079121195666,23703.68408284823,0
2023-03-01 13:00:00,23720.6,23725.0,23606.0,23690.0,153.83588726475807,23711.401179112785,0
2023-03-01 14:00:00,23690.0,23886.0,23566.0,23671.9,155.0986585971279,23717.33063338355,0
2023-03-01 15:00:00,23671.9,23768.1,23554.7,23698.5,156.5999839541406,23720.126458160714,-1
2023-03-01 16:00:00,23698.5,23736.3,23541.0,23687.8,158.1319072749519,23710.20366012123,-1
2023-03-01 17:00:00,23687.8,23737.9,23663.2,23695.7,159.52805146823533,23696.021067276568,-1
2023-03-01 18:00:00,23695.7,23716.3,23635.0,23690.1,160.73710847642454,23677.141949896686,-1
2023-03-01 19:00:00,23690.1,23690.1,23317.2,23350.1,162.46815111505003,23649.180282756493,-1
2023-03-01 20:00:00,23350.1,23465.4,23286.2,23413.4,163.86578932869148,23620.979413311525,-1
2023-03-01 21:00:00,23413.4,23580.1,23361.1,23549.8,165.36555374434462,23585.901965519348,-1
2023-03-01 22:00:00,23549.8,23574.1,23426.1,23528.1,166.70106514622483,23555.79852301783,-1
2023-03-01 23:00:00,23528.1,23674.4,23494.8,23630.0,168.1104043941734,23525.82863935937,-1
2023-03-02 00:00:00,23630.0,23788.2,23590.5,23599.9,169.6371057395889,23498.33184094467,-1
2023-03-02 01:00:00,23599.9,23632.9,23433.4,23509.9,170.86361174672297,23442.89402851656,-1
2023-03-02 02:00:00,23509.9,23544.2,23450.0,23493.4,171.76177694023863,23418.34365846852,-1
2023-03-02 03:00:00,23493.4,23508.3,23422.0,23495.1,172.19818389359767,23411.58700785152,-1
2023-03-02 04:00:00,23495.1,23539.5,23470.0,23536.4,172.41579187969776,23420.093098252488,-1
2023-03-02 05:00:00,23536.4,23536.4,23406.8,23443.1,172.6849413035122,23424.092336374135,-1
2023-03-02 06:00:00,23443.1,23470.0,23371.2,23434.1,172.71018796415805,23438.14906940076,-1
2023-03-02 07:00:00,23434.1,23439.4,23333.3,23388.4,172.4603218999244,23451.799932074424,-1
2023-03-02 08:00:00,23388.4,23476.8,23348.1,23439.8,172.31276943812867,23469.3977847525,-1
2023-03-02 09:00:00,23439.8,23466.9,23382.5,23395.8,171.9361364664356,23475.11822867484,-1
2023-03-02 10:00:00,23395.8,23413.0,23337.2,23371.8,170.75597941469763,23479.83339197829,-1
2023-03-02 11:00:00,23371.8,23425.0,23357.0,23412.4,169.37579133675706,23477.974004353277,-1
2023-03-02 12:00:00,23412.4,23428.1,23310.1,23352.4,168.00470555627007,23471.373266089184,-1
2023-03-02 13:00:00,23352.4,23400.0,23231.8,23304.9,166.94675114680985,23459.636944213802,-1
2023-03-02 14:00:00,23304.9,23338.2,23186.4,23307.0,165.50714819361198,23439.90609433039,-1
2023-03-02 15:00:00,23307.0,23372.9,23266.0,23355.0,163.98131233981343,23411.90178098679,-1
2023-03-02 16:00:00,23355.0,23377.0,23250.0,23277.5,162.57789003487568,23376.421066018604,-1
2023-03-02 17:00:00,23277.5,23315.5,23223.1,23268.8,161.27530431049198,23333.452636526512,-1
2023-03-02 18:00:00,23268.8,23461.5,23256.8,23443.3,160.25559466661386,23277.67691755078,-1
2023-03-02 19:00:00,23443.3,23502.4,23386.5,23464.6,159.30139835993214,23215.767363105806,-1
2023-03-02 20:00:00,23464.6,23567.0,23422.0,23460.0,157.99851399418688,23160.34861985494,-1
2023-03-02 21:00:00,23460.0,23471.2,23380.5,23412.6,156.49650410054576,23101.046033496314,-1
2023-03-02 22:00:00,23412.6,23550.0,23408.9,23460.2,154.97271690725836,23038.715170214662,-1
2023-03-02 23:00:00,23460.2,23498.5,23422.6,23462.5,153.56071975176278,22976.179013832236,-1
2023-03-03 00:00:00,23462.5,23469.9,23400.1,23414.7,152.22227077785152,22907.125972654838,-1
2023-03-03 01:00:00,23414.7,23420.0,21905.0,22146.1,153.69866563967946,22834.995930335714,-1
2023-03-03 02:00:00,22146.1,22470.6,22090.0,22345.0,155.54914084373212,22765.265062427454,-1
2023-03-03 03:00:00,22345.0,22393.0,22267.8,22320.0,157.0440710989077,22697.29599698408,-1
2023-03-03 04:00:00,22320.0,22380.6,22253.1,22367.4,158.38342648886788,22630.436360057218,-1
2023-03-03 05:00:00,22367.4,22403.1,22319.0,22331.2,159.3997244737422,22563.29753432918,-1
2023-03-03 06:00:00,22331.2,22393.1,22319.1,22366.9,160.0488883093902,22503.85758306072,-1
2023-03-03 07:00:00,22366.9,22395.5,22326.5,22352.7,160.34095262126013,22448.543737778677,-1
2023-03-03 08:00:00,22352.7,22450.0,22350.1,22420.2,160.62576396713473,22399.83802708738,-1
2023-03-03 09:00:00,22420.2,22468.0,22340.2,22358.4,160.9890781704008,22355.266848346226,-1
2023-03-03 10:00:00,22358.4,22379.0,22324.6,22342.3,161.29052449882465,22318.43707296702,-1
2023-03-03 11:00:00,22342.3,22353.9,22270.7,22335.1,161.45997176704577,22290.21069690833,-1
2023-03-03 12:00:00,22335.1,22359.3,22308.7,22340.9,161.50257112953992,22268.39993311632,-1
2023-03-03 13:00:00,22340.9,22425.1,22140.0,22394.0,161.96833905263966,22254.498449311024,-1
2023-03-03 14:00:00,22394.0,22495.0,22352.1,22369.1,162.43465384065993,22249.897720299956,-1
2023-03-03 15:00:00,22369.1,22410.0,22220.0,22330.0,163.11910851792567,22252.799165984656,-1
2023-03-03 16:00:00,22330.0,22373.5,22314.2,22369.1,163.71540323639402,22261.908570019397,-1
2023-03-03 17:00:00,22369.1,22438.1,22365.6,22402.1,164.27983526180378,22280.100951958404,-1
2023-03-03 18:00:00,22402.1,22408.0,22184.0,22299.9,165.0563374452348,22306.242484959002,-1
2023-03-03 19:00:00,22299.9,22388.5,22280.1,22351.5,165.63498606873495,22326.65984059688,-1
2023-03-03 20:00:00,22351.5,22370.3,22265.5,22293.2,166.06039396184786,22346.883119551487,-1
2023-03-03 21:00:00,22293.2,22310.5,22141.0,22235.0,166.60446919559465,22362.601751476595,-1
2023-03-03 22:00:00,22235.0,22332.8,22216.1,22310.5,167.08515894273205,22376.903808341314,-1
2023-03-03 23:00:00,22310.5,22368.2,22305.9,22345.8,167.45985224048323,22379.318266248163,-1
2023-03-04 00:00:00,22345.8,22377.8,22327.3,22358.2,167.44062691805414,22365.594425173982,-1
2023-03-04 01:00:00,22358.2,22375.6,22329.9,22329.9,167.25563353165657,22338.178201630748,-1
2023-03-04 02:00:00,22329.9,22348.5,22325.4,22329.1,166.79361326787728,22339.120082100333,-1
2023-03-04 03:00:00,22329.1,22342.0,22313.1,22341.2,166.21745572172924,22335.56853470493,-1
2023-03-04 04:00:00,22341.2,22362.4,22317.2,22332.2,165.4541172779637,22335.14082091366,-1
2023-03-04 05:00:00,22332.2,22335.6,22262.5,22317.4,164.7386417146338,22331.372088193697,-1
2023-03-04 06:00:00,22317.4,22394.8,22305.7,22355.1,164.12022928873648,22329.32273857827,-1
2023-03-04 07:00:00,22355.1,22365.9,22340.0,22349.2,160.00039250878245,22324.933721502082,-1
2023-03-04 08:00:00,22349.2,22349.6,22321.0,22332.6,155.3367214402654,22321.28940079502,-1
2023-03-04 09:00:00,22332.6,22364.5,22331.4,22333.2,150.78689172772098,22316.90381715965,-1
2023-03-04 10:00:00,22333.2,22343.7,22315.6,22325.0,146.3253896354712,22316.164140590496,-1
2023-03-04 11:00:00,22325.0,22344.0,22322.7,22336.8,142.03305074906447,22315.604492965882,-1
2023-03-04 12:00:00,22336.8,22385.0,22329.1,22372.9,138.00422023466157,22317.143714595946,-1
2023-03-04 13:00:00,22372.9,22373.0,22344.9,22346.6,134.1657893626659,22320.118265042427,-1
2023-03-04 14:00:00,22346.6,22352.4,22322.4,22331.9,130.4351080029847,22319.127907438105,-1
2023-03-04 15:00:00,22331.9,22337.4,22296.2,22304.5,126.76471597321364,22318.720702291892,-1
2023-03-04 16:00:00,22304.5,22333.7,22282.0,22317.3,123.35007173985166,22320.271980579226,-1
2023-03-04 17:00:00,22317.3,22326.3,22293.7,22293.8,120.05885795781566,22319.920476798263,-1
2023-03-04 18:00:00,22293.8,22320.3,22220.0,22313.8,117.12106873279336,22317.943186982266,-1
2023-03-04 19:00:00,22313.8,22314.2,22206.2,22233.9,113.97145055745304,22319.111703750692,-1
2023-03-04 20:00:00,22233.9,22254.9,22176.4,22247.4,110.89347257646976,22319.334100296626,-1
2023-03-04 21:00:00,22247.4,22247.5,22152.0,22204.8,107.8103494744684,22324.84407729434,-1
2023-03-04 22:00:00,22204.8,22369.0,22196.5,22291.4,105.21697660599544,22331.679527941986,-1
2023-03-04 23:00:00,22291.4,22340.0,22277.7,22336.6,102.78456116540596,22337.47310987906,-1
2023-03-05 00:00:00,22336.6,22374.8,22303.0,22367.2,100.16350697147598,22343.32276571098,-1
2023-03-05 01:00:00,22367.2,22672.9,22340.0,22575.7,98.2641964905088,22346.954871254973,-1
2023-03-05 02:00:00,22575.7,22596.0,22173.0,22344.0,97.258171879052,22353.205592579336,-1
2023-03-05 03:00:00,22344.0,22429.7,22343.7,22371.0,96.1251962058282,22360.130039001928,-1
2023-03-05 04:00:00,22371.0,22462.3,22365.0,22433.1,95.02695749356504,22366.16138661935,-1
2023-03-05 05:00:00,22433.1,22433.1,22383.3,22404.2,93.97740385022868,22374.526402429095,-1
2023-03-05 06:00:00,22404.2,22417.7,22392.7,22410.2,92.94210534660122,22385.08557169311,-1
2023-03-05 07:00:00,22410.2,22410.2,22355.5,22364.9,92.0021865519841,22393.334250996355,-1
2023-03-05 08:00:00,22364.9,22385.0,22317.5,22332.5,91.2351204969152,22401.54238852688,-1
2023-03-05 09:00:00,22332.5,22387.5,22309.1,22361.8,90.64070316387156,22408.792377081227,-1
2023-03-05 10:00:00,22361.8,22440.4,22356.5,22402.0,90.18088787466704,22415.09277394822,-1
2023-03-05 11:00:00,22402.0,22413.5,22376.2,22381.7,89.66867877786486,22419.99938266164,-1
2023-03-05 12:00:00,22381.7,22430.0,22381.6,22413.9,89.0961514263728,22424.05545496617,-1
2023-03-05 13:00:00,22413.9,22488.6,22411.6,22457.3,88.68618629412605,22425.984830730962,-1
2023-03-05 14:00:00,22457.3,22465.0,22406.2,22421.1,88.37740974664565,22426.200144636532,-1
2023-03-05 15:00:00,22421.1,22458.9,22413.2,22422.8,88.12068913584558,22427.437246896163,-1
2023-03-05 16:00:00,22422.8,22442.0,22411.7,22431.1,87.88754423605238,22425.280338400094,-1
2023-03-05 17:00:00,22431.1,22442.6,22412.5,22414.4,87.69200534148791,22418.75952512888,-1
2023-03-05 18:00:00,22414.4,22440.0,22410.1,22419.7,87.44852888567976,22412.507843323987,-1
2023-03-05 19:00:00,22419.7,22435.7,22354.9,22393.8,87.34792011284338,22401.387576750705,-1
2023-03-05 20:00:00,22393.8,22410.1,22383.8,22398.9,87.24568838721133,22393.91585203501,-1
2023-03-05 21:00:00,22398.9,22569.2,22306.7,22479.0,87.6776639620834,22391.164160495246,-1
2023-03-05 22:00:00,22479.0,22479.1,22369.6,22423.3,88.21640329176385,22394.104626942808,-1
2023-03-05 23:00:00,22423.3,22448.7,22355.3,22419.0,88.86142331354378,22395.808040913802,-1
2023-03-06 00:00:00,22419.0,22459.4,22360.0,22435.1,89.45822748760978,22398.38397540647,-1
2023-03-06 01:00:00,22435.1,22498.9,22311.2,22373.1,90.20216459028084,22403.472093592398,-1
2023-03-06 02:00:00,22373.1,22397.4,22234.4,22384.8,91.09415380824014,22398.697867000847,-1
2023-03-06 03:00:00,22384.8,22402.0,22362.0,22372.9,91.79028655638405,22399.31824060995,-1
2023-03-06 04:00:00,22372.9,22384.8,22320.2,22329.2,92.17979046305383,22400.247524133898,-1
2023-03-06 05:00:00,22329.2,22354.9,22302.7,22354.9,92.5174250843605,22398.021244123665,-1
2023-03-06 06:00:00,22354.9,22420.0,22351.4,22390.0,92.82332391455836,22396.148849529505,-1
2023-03-06 07:00:00,22390.0,22416.8,22372.6,22379.0,92.41999124101186,22393.57339773494,-1
2023-03-06 08:00:00,22379.0,22435.0,22343.4,22401.0,91.2564196837891,22393.981851313085,-1
2023-03-06 09:00:00,22401.0,22405.0,22353.0,22390.1,90.09500806536612,22396.17089812414,-1
2023-03-06 10:00:00,22390.1,22403.5,22365.0,22393.3,88.87655445120254,22399.58029064073,-1
2023-03-06 11:00:00,22393.3,22393.3,22349.5,22372.1,87.73084763875363,22402.68570913897,-1
2023-03-06 12:00:00,22372.1,22400.0,22352.7,22388.0,86.72007240714599,22409.922964555095,-1
2023-03-06 13:00:00,22388.0,22477.1,22377.1,22427.9,85.88935263374707,22415.40884963583,-1
2023-03-06 14:00:00,22427.9,22471.7,22395.0,22433.9,85.13987479939375,22418.149289577403,-1
2023-03-06 15:00:00,22433.9,22594.7,22422.1,22538.9,84.66821685316486,22423.46370266508,-1
2023-03-06 16:00:00,22538.9,22570.0,22456.0,22516.2,84.30191544888443,22426.660273079728,-1
2023-03-06 17:00:00,22516.2,22520.0,22460.5,22471.9,84.01463564009231,22432.856817181208,-1
2023-03-06 18:00:00,22471.9,22525.1,22451.6,22490.7,83.8076377694179,22435.9833424923,-1
2023-03-06 19:00:00,22490.7,22497.0,22333.7,22386.6,83.82090167288672,22437.95666831403,-1
2023-03-06 20:00:00,22386.6,22406.6,22320.1,22341.2,83.8991705634177,22440.864550374972,-1
2023-03-06 21:00:00,22341.2,22431.3,22310.0,22396.9,84.15184885755372,22445.820471499017,-1
2023-03-06 22:00:00,22396.9,22435.0,22396.9,22425.0,84.40505016916785,22449.410123032107,-1
2023-03-06 23:00:00,22425.0,22430.1,22380.0,22398.5,84.68778475473985,22455.746243847454,-1
2023-03-07 00:00:00,22398.5,22413.1,22371.7,22405.0,84.97770499421952,22459.904507329542,-1
2023-03-07 01:00:00,22405.0,22500.0,22404.9,22474.1,85.28096426009344,22456.681843699615,-1
2023-03-07 02:00:00,22474.1,22497.9,22446.0,22488.0,85.6235145571791,22452.852263453162,-1
2023-03-07 03:00:00,22488.0,22541.2,22438.5,22445.9,85.56112067943057,22445.37029282457,-1
2023-03-07 04:00:00,22445.9,22462.5,22444.7,22462.5,85.28485015703463,22436.071207377317,-1
2023-03-07 05:00:00,22462.5,22468.6,22427.7,22444.9,84.90331323778817,22421.839402796573,-1
2023-03-07 06:00:00,22444.9,22444.9,22405.0,22427.9,84.40736228141209,22411.321045232595,-1
2023-03-07 07:00:00,22427.9,22440.0,22400.0,22403.9,83.59516968353705,22397.687974533208,-1
2023-03-07 08:00:00,22403.9,22415.2,22384.1,22412.3,82.52694319554939,22385.78145907256,-1
2023-03-07 09:00:00,22412.3,22415.1,22345.0,22371.8,81.6066852875519,22373.419222728615,-1
2023-03-07 10:00:00,22371.8,22422.3,22359.0,22363.4,80.74906485914315,22363.48543598213,-1
2023-03-07 11:00:00,22363.4,22385.8,22316.0,22340.4,79.99460780730709,22349.819254005313,-1
2023-03-07 12:00:00,22340.4,22398.0,22328.7,22390.6,79.29570721773901,22334.686063161495,-1
2023-03-07 13:00:00,22390.6,22400.1,22347.1,22350.6,78.66768049115996,22318.973297878507,-1
2023-03-07 14:00:00,22350.6,22373.6,22192.3,22300.1,78.29808424656343,22302.025039875723,-1
2023-03-07 15:00:00,22300.1,22485.7,21919.0,22314.1,79.18036394415516,22290.387284990367,-1
2023-03-07 16:00:00,22314.1,22383.0,22185.0,22229.9,80.37938557969026,22271.47042120723,-1
2023-03-07 17:00:00,22229.9,22350.9,22217.0,22300.5,81.70728662977616,22246.33725392949,-1
2023-03-07 18:00:00,22300.5,22320.0,22150.5,22191.4,83.23128999239634,22221.991998380086,-1
2023-03-07 19:00:00,22191.4,22239.1,22032.3,22120.1,84.9007216836411,22195.457700356976,-1
2023-03-07 20:00:00,22120.1,22134.9,21982.0,22053.9,86.6323368260201,22176.53386328271,-1
2023-03-07 21:00:00,22053.9,22110.0,21933.8,22050.9,88.24883658779653,22157.526570811027,-1
2023-03-07 22:00:00,22050.9,22115.4,21977.0,22099.8,89.80796731495228,22133.32667461774,-1
2023-03-07 23:00:00,22099.8,22218.9,22069.2,22188.9,91.4704934699586,22111.171085107402,-1
2023-03-08 00:00:00,22188.9,22280.0,22183.0,22233.3,93.07022013848696,22097.290405464795,-1
2023-03-08 01:00:00,22233.3,22243.9,22128.3,22163.4,94.44210917891542,22088.678955071577,-1
2023-03-08 02:00:00,22163.4,22195.0,22148.2,22163.2,95.62148233485226,22083.812522926582,-1
2023-03-08 03:00:00,22163.2,22177.0,22071.2,22139.5,96.67970978593496,22079.486194627232,-1
2023-03-08 04:00:00,22139.5,22152.3,22100.0,22132.1,97.69615908973098,22076.71377131021,-1
2023-03-08 05:00:00,22132.1,22135.0,21821.7,21944.2,99.26667154324764,22073.791154860937,-1
2023-03-08 06:00:00,21944.2,22042.0,21921.1,22021.5,100.91429025326822,22071.66414222526,-1
2023-03-08 07:00:00,22021.5,22032.3,21956.3,21961.4,102.3987457207385,22068.082551644373,-1
2023-03-08 08:00:00,21961.4,22025.6,21935.5,21985.3,103.86812103750935,22065.47578216014,-1
2023-03-08 09:00:00,21985.3,22020.0,21967.0,22006.8,105.11420763936503,22060.580549285703,-1
2023-03-08 10:00:00,22006.8,22139.0,22000.0,22105.6,106.5598594876679,22056.9699563853,-1
2023-03-08 11:00:00,22105.6,22130.9,22045.9,22062.1,108.00725049136528,22053.467092871317,-1
2023-03-08 12:00:00,22062.1,22098.1,21987.1,22009.1,109.5205421393076,22047.12958540737,-1
2023-03-08 13:00:00,22009.1,22052.5,21930.4,21984.1,111.1212177186327,22040.014233429458,-1
2023-03-08 14:00:00,21984.1,22020.0,21922.6,21964.2,112.76541647239368,22030.04582114267,-1
2023-03-08 15:00:00,21964.2,22227.0,21865.0,22128.1,114.98717245894748,22015.395356058776,-1
2023-03-08 16:00:00,22128.1,22214.0,22047.0,22131.3,117.29713635150102,21992.689406910402,-1
2023-03-08 17:00:00,22131.3,22139.9,22010.4,22020.0,119.58424568018737,21973.28520696436,-1
2023-03-08 18:00:00,22020.0,22057.6,21935.2,22019.6,121.83441862814703,21937.288230959435,-1
2023-03-08 19:00:00,22019.6,22058.8,21982.5,21994.0,123.97934112767707,21907.321786814067,-1
2023-03-08 20:00:00,21994.0,22130.0,21963.1,22096.8,125.9367691599886,21867.134129301623,-1
2023-03-08 21:00:00,22096.8,22106.0,21894.0,22008.7,126.90985708274864,21852.856691919384,-1
2023-03-08 22:00:00,22008.7,22012.7,21630.4,21800.1,128.2522482476949,21855.781605521963,-1
2023-03-08 23:00:00,21800.1,21834.0,21559.0,21702.0,129.83470671027686,21864.44323685468,-1
2023-03-09 00:00:00,21702.0,21761.1,21677.2,21713.4,131.1003229005116,21864.48339679662,-1
2023-03-09 01:00:00,21713.4,21755.0,21626.6,21699.0,132.08887126599103,21863.91649082105,-1
2023-03-09 02:00:00,21699.0,21786.0,21698.0,21768.3,132.85228522384438,21862.048910870537,-1
2023-03-09 03:00:00,21768.3,21805.7,21740.8,21764.6,133.29616961237917,21857.602830021428,-1
2023-03-09 04:00:00,21764.6,21764.6,21718.2,21737.2,133.48930035386653,21843.02579022897,-1
2023-03-09 05:00:00,21737.2,21752.8,21722.0,21730.0,133.38554080390372,21826.70375912804,-1
2023-03-09 06:00:00,21730.0,21739.5,21678.7,21735.4,133.20300217455176,21807.138880233586,-1
2023-03-09 07:00:00,21735.4,21736.3,21664.6,21682.9,132.92897820931864,21781.265355712985,-1
2023-03-09 08:00:00,21682.9,21704.7,21591.0,21684.0,132.83381309965233,21749.982987831583,-1
2023-03-09 09:00:00,21684.0,21702.2,21581.2,21641.1,132.7816359741982,21706.772939556282,-1
2023-03-09 10:00:00,21641.1,21680.1,21528.8,21648.1,132.96890007269116,21649.461428921433,-1
2023-03-09 11:00:00,21648.1,21674.9,21625.7,21674.9,132.51397863854984,21587.955377507544,-1
2023-03-09 12:00:00,21674.9,21676.1,21605.0,21611.0,131.9729801640382,21524.502800859682,-1
2023-03-09 13:00:00,21611.0,21735.4,21555.0,21712.0,131.71919586674923,21459.647996118638,-1
2023-03-09 14:00:00,21712.0,21837.5,21695.2,21720.1,131.60782473383082,21372.393384678166,-1
2023-03-09 15:00:00,21720.1,21800.0,21628.2,21637.7,131.78726582519596,21287.183082185715,-1
2023-03-09 16:00:00,21637.7,21669.9,21395.0,21472.7,132.27746112430046,21187.663419706576,-1
2023-03-09 17:00:00,21472.7,21516.4,21381.7,21467.1,132.85097580700375,21076.69648303055,-1
2023-03-09 18:00:00,21467.1,21489.2,20957.6,21010.4,134.38495372691943,20961.97833172971,-1
2023-03-09 19:00:00,21010.4,21010.4,20753.5,20849.9,136.13031417639274,20850.45118955036,-1
2023-03-09 20:00:00,20849.9,20863.3,20016.0,20103.0,139.53648221323257,20734.064227650182,-1
2023-03-09 21:00:00,20103.0,20410.4,20097.8,20213.8,142.58173348454977,20614.14389548495,-1
2023-03-09 22:00:00,20213.8,20489.9,20213.8,20332.6,145.66922871257094,20493.6614739155,-1
2023-03-09 23:00:00,20332.6,20369.5,20265.4,20355.6,148.47571237666202,20382.450349737093,-1
2023-03-10 00:00:00,20355.6,20358.1,20009.8,20113.0,151.61959006483872,20280.716944819953,-1
2023-03-10 01:00:00,20113.0,20148.2,19755.0,20100.1,155.29342887076487,20194.81912568294,-1
2023-03-10 02:00:00,20100.1,20129.4,20011.0,20024.8,158.58937442850575,20108.6745461316,-1
2023-03-10 03:00:00,20024.8,20120.0,19961.1,20040.1,161.52346673188958,20023.39881631206,-1
2023-03-10 04:00:00,20040.1,20050.0,19821.2,19866.2,163.88250482252022,19946.40322319606,-1
2023-03-10 05:00:00,19866.2,20037.4,19846.0,19974.6,165.87399257305995,19884.316395850754,-1
2023-03-10 06:00:00,19974.6,20013.4,19830.0,19866.1,167.96013596063054,19831.89305501621,-1
2023-03-10 07:00:00,19866.1,20028.8,19764.5,19939.0,170.2208405348737,19782.088131697255,-1
2023-03-10 08:00:00,19939.0,19969.7,19870.1,19947.8,172.34768525867835,19762.774646704405,-1
2023-03-10 09:00:00,19947.8,19957.6,19827.0,19844.7,174.47904107377397,19760.763217371503,1
2023-03-10 10:00:00,19844.7,19919.6,19535.0,19615.1,177.2633952832186,19773.558001668396,1
2023-03-10 11:00:00,19615.1,19791.0,19556.6,19751.3,180.3336289540556,19801.609827714386,1
2023-03-10 12:00:00,19751.3,19991.7,19717.5,19920.2,183.69265545803245,19836.759665185044,1
2023-03-10 13:00:00,19920.2,20294.0,19872.9,20168.6,187.64365625944072,19883.248714310033,1
2023-03-10 14:00:00,20168.6,20173.0,19638.3,19809.7,192.31482367032,19929.225096947303,1
2023-03-10 15:00:00,19809.7,20029.0,19760.1,19995.0,197.00447912328076,19969.406878901973,1
2023-03-10 16:00:00,19995.0,20297.2,19918.8,20002.5,201.8998734724408,20006.306473360964,1
2023-03-10 17:00:00,20002.5,20075.0,19820.1,19923.9,206.935358701492,20042.889051459006,1
2023-03-10 18:00:00,19923.9,19995.4,19805.2,19835.7,211.894737842788,20061.418179802724,1
2023-03-10 19:00:00,19835.7,20060.9,19833.6,20013.0,216.6115422834581,20080.598008699653,1
2023-03-10 20:00:00,20013.0,20055.4,19927.3,19954.5,220.95762259738547,20095.17574603327,1
2023-03-10 21:00:00,19954.5,20123.5,19833.0,20069.0,225.2758876507613,20129.37453278254,1
2023-03-10 22:00:00,20069.0,20165.0,20016.0,20086.6,228.98594329545648,20155.214360195238,1
2023-03-10 23:00:00,20086.6,20233.9,20078.5,20141.4,232.4802806798108,20174.438395775243,1
2023-03-11 00:00:00,20141.4,20290.0,20125.3,20207.0,234.85145110791052,20182.20234599616,1
2023-03-11 01:00:00,20207.0,20671.2,20207.0,20571.3,237.54682364825288,20189.60428208986,1
2023-03-11 02:00:00,20571.3,20630.0,20360.1,20479.3,238.67490767347903,20190.86154740468,1
2023-03-11 03:00:00,20479.3,20490.6,20303.8,20382.8,239.4228904587622,20190.76334089606,1
2023-03-11 04:00:00,20382.8,20402.1,20262.9,20330.0,239.79149352126072,20186.62553805909,1
2023-03-11 05:00:00,20330.0,20420.0,20296.9,20383.5,240.1790058888629,20185.65077768523,1
2023-03-11 06:00:00,20383.5,20396.2,20185.7,20274.0,240.2107435634936,20178.48308481913,1
2023-03-11 07:00:00,20274.0,20307.5,19815.2,19850.1,240.47616664227164,20174.83321954177,1
2023-03-11 08:00:00,19850.1,20200.0,19760.0,20060.4,241.48834521546763,20168.62025165681,1
2023-03-11 09:00:00,20060.4,20142.0,19950.0,20082.6,242.5070348429782,20160.06476513449,1
2023-03-11 10:00:00,20082.6,20149.6,19989.4,20025.0,243.28962759232996,20155.198489133847,1
2023-03-11 11:00:00,20025.0,20096.4,19962.5,20080.0,243.87941609768615,20162.42311733932,1
2023-03-11 12:00:00,20080.0,20117.4,20022.3,20028.1,244.2168387574276,20167.22850692196,1
2023-03-11 13:00:00,20028.1,20134.0,20025.1,20070.9,244.160159798604,20169.3509828895,1
2023-03-11 14:00:00,20070.9,20198.4,20063.2,20103.8,244.19229124162428,20160.693060322512,1
2023-03-11 15:00:00,20103.8,20134.9,20030.1,20051.9,244.1606990101568,20167.813152052604,1
2023-03-11 16:00:00,20051.9,20099.4,19973.8,20087.7,243.51469669995276,20172.22378615778,1
2023-03-11 17:00:00,20087.7,20332.2,20062.8,20242.0,242.99817074523864,20188.86875539423,1
2023-03-11 18:00:00,20242.0,20313.4,20190.2,20218.1,242.1590156920428,20212.676946033356,1
2023-03-11 19:00:00,20218.1,20241.3,20138.0,20218.7,240.6231336188086,20225.914163762885,1
2023-03-11 20:00:00,20218.7,20459.9,20210.9,20345.2,238.5167193126731,20248.94898019483,1
2023-03-11 21:00:00,20345.2,20364.2,20276.4,20355.8,236.1295726950688,20270.31153518906,1
2023-03-11 22:00:00,20355.8,20455.4,20291.4,20326.5,233.4024603596611,20297.401805661375,1
2023-03-11 23:00:00,20326.5,20526.8,20326.4,20450.1,230.74037985773657,20324.89322962601,1
2023-03-12 00:00:00,20450.1,20492.7,20333.7,20444.5,228.19416224881397,20354.708632688544,1
2023-03-12 01:00:00,20444.5,20476.4,20375.1,20406.5,225.52981732624536,20364.872239006374,1
2023-03-12 02:00:00,20406.5,20419.9,20300.1,20367.5,223.03602085053728,20348.78291248467,1
2023-03-12 03:00:00,20367.5,20457.0,20345.3,20364.9,220.2946384088049,20330.926967890577,1
2023-03-12 04:00:00,20364.9,20389.6,20323.0,20380.2,217.55287852244103,20315.672543824454,1
2023-03-12 05:00:00,20380.2,20431.6,20344.7,20349.3,214.84386338987048,20302.91138217774,1
2023-03-12 06:00:00,20349.3,20376.4,20316.5,20324.9,212.07882552867804,20285.79669742762,1
2023-03-12 07:00:00,20324.9,20366.0,20260.9,20333.5,208.65629037184317,20276.55200226318,1
2023-03-12 08:00:00,20333.5,20383.0,20325.2,20367.3,204.97322201192347,20282.375105073246,1
2023-03-12 09:00:00,20367.3,20424.9,20357.7,20376.7,201.2684680586676,20289.981392004032,1
2023-03-12 10:00:00,20376.7,20435.0,20362.4,20411.3,197.66976795922037,20319.48613508197,1
2023-03-12 11:00:00,20411.3,20486.6,20405.5,20436.4,194.2281178668812,20365.577839528414,1
2023-03-12 12:00:00,20436.4,20438.0,20304.3,20372.6,190.8494427811385,20425.208999002356,1
2023-03-12 13:00:00,20372.6,20448.0,20359.6,20370.0,186.75043496341544,20510.91418685161,1
2023-03-12 14:00:00,20370.0,20394.0,20322.5,20336.9,182.06683246599917,20631.559640811858,1
2023-03-12 15:00:00,20336.9,20399.9,20275.8,20351.1,177.5561063374482,20756.114278325153,1
2023-03-12 16:00:00,20351.1,20409.4,20330.7,20382.9,173.1735273133203,20867.825548141922,1
2023-03-12 17:00:00,20382.9,20868.0,20367.6,20776.5,169.976608695682,20975.44532348849,1
2023-03-12 18:00:00,20776.5,21348.6,20680.0,21073.2,168.3735175983563,21075.501069337155,1
2023-03-12 19:00:00,21073.2,21216.4,20721.0,20766.9,167.80517110322424,21170.787228732137,1
2023-03-12 20:00:00,20766.9,21340.0,20747.6,21243.6,168.36599221489013,21259.936644131954,1
2023-03-12 21:00:00,21243.6,21279.5,21116.3,21267.9,169.02580229477243,21346.011281374773,1
2023-03-12 22:00:00,21267.9,22039.9,21085.6,21687.2,171.61157832133287,21440.15332218292,1
2023-03-12 23:00:00,21687.2,22139.0,21591.0,21978.9,174.67598939361454,21536.627768197264,1
2023-03-13 00:00:00,21978.9,22588.0,21851.4,22432.7,178.98199015121153,21636.107703890466,1
2023-03-13 01:00:00,22432.7,22469.6,22233.7,22278.4,183.29613371183865,21746.05409322269,1
2023-03-13 02:00:00,22278.4,22340.5,22052.2,22167.0,187.39569558956296,21852.81646388116,1
2023-03-13 03:00:00,22167.0,22268.7,22108.9,22218.8,191.3738601903082,21966.860702084028,1
2023-03-13 04:00:00,22218.8,22444.0,22210.5,22309.6,195.23334636719088,22083.115151838436,1
2023-03-13 05:00:00,22309.6,22390.0,22271.2,22389.6,198.6228692457245,22196.661547773117,1
2023-03-13 06:00:00,22389.6,22511.0,22231.3,22362.6,202.0576642996012,22313.01508258909,1
2023-03-13 07:00:00,22362.6,22491.6,22302.8,22454.6,205.4554501829637,22429.146607846513,1
2023-03-13 08:00:00,22454.6,22535.0,22161.7,22176.1,209.21410850322945,22547.295133561318,1
2023-03-13 09:00:00,22176.1,22245.6,21804.0,21955.0,213.4897674196673,22666.857006967693,1
2023-03-13 10:00:00,21955.0,22168.3,21805.1,22115.9,218.1662126039796,22794.016563847414,1
2023-03-13 11:00:00,22115.9,22207.0,22002.8,22097.1,222.78791170369863,22917.90035177639,1
2023-03-13 12:00:00,22097.1,22144.3,21946.4,22118.7,227.408060867724,23063.97713711342,1
2023-03-13 13:00:00,22118.7,22592.3,22118.6,22465.2,232.5758184247956,23184.270019824366,1
2023-03-13 14:00:00,22465.2,23600.0,22380.2,23473.2,240.1411171087441,23289.42759651384,1
2023-03-13 15:00:00,23473.2,24560.0,23455.0,23999.9,249.63698969622092,23387.850074988888,1
2023-03-13 16:00:00,23999.9,24222.5,23755.0,23974.7,259.394823765545,23480.41063422807,1
2023-03-13 17:00:00,23974.7,24194.1,23828.8,24127.2,269.1323363537271,23568.395936082008,1
2023-03-13 18:00:00,24127.2,24348.8,23967.9,24299.0,278.762883757039,23632.77159982903,1
2023-03-13 19:00:00,24299.0,24450.0,24123.5,24316.5,288.27243967916206,23705.726969195894,1
2023-03-13 20:00:00,24316.5,24347.0,24071.0,24159.8,297.58964636875265,23796.020828965207,1
2023-03-13 21:00:00,24159.8,24264.3,24044.0,24100.6,306.47038591384865,23895.241458334513,1
2023-03-13 22:00:00,24100.6,24256.5,24100.5,24219.3,314.90083453905686,24021.964562447654,1
2023-03-13 23:00:00,24219.3,24230.0,23922.0,24112.2,322.271013024368,24145.708120121533,1
2023-03-14 00:00:00,24112.2,24256.4,23982.5,24171.4,328.1749882845366,24267.169448805835,1
2023-03-14 01:00:00,24171.4,24450.0,24113.5,24407.8,333.27891769278745,24372.59915469223,1
2023-03-14 02:00:00,24407.8,24510.8,24245.0,24268.7,337.2406616671148,24469.41395197354,1
2023-03-14 03:00:00,24268.7,24405.4,24215.8,24368.5,340.9822810718473,24558.309805282115,1
2023-03-14 04:00:00,24368.5,24424.7,24313.7,24402.3,342.44878480481185,24640.35230994483,1
2023-03-14 05:00:00,24402.3,24850.9,24221.8,24322.6,344.00363350923084,24705.333887707413,1
2023-03-14 06:00:00,24322.6,24441.4,24283.1,24328.4,344.07051683,24758.822374038136,1
2023-03-14 07:00:00,24328.4,24408.5,24139.1,24241.4,344.2123846754763,24803.39773879734,1
2023-03-14 08:00:00,24241.4,24295.9,24120.0,24235.0,344.0765000557995,24826.602289730876,1
2023-03-14 09:00:00,24235.0,24284.8,24150.0,24281.3,343.8907976708618,24845.535045924775,1
2023-03-14 10:00:00,24281.3,24637.4,24250.0,24580.0,344.0847883134198,24878.931861737125,1
2023-03-14 11:00:00,24580.0,24840.0,24448.0,24743.2,344.9153986719857,24921.40705970135,1
2023-03-14 12:00:00,24743.2,26100.0,24401.4,25864.9,349.065013052559,24974.48519014343,1
2023-03-14 13:00:00,25864.9,26500.0,25601.8,25788.2,354.60727402499634,25039.983443930105,1
2023-03-14 14:00:00,25788.2,26143.5,25663.1,25840.5,360.008659213688,25108.979586972895,1
2023-03-14 15:00:00,25840.5,25994.9,25789.1,25921.8,364.4628026031872,25143.45978184544,1
2023-03-14 16:00:00,25921.8,26025.0,25705.0,25886.9,368.49593575057935,25149.40117923146,1
2023-03-14 17:00:00,25886.9,25910.1,25614.9,25649.6,372.4576546255388,25164.805561104884,1
2023-03-14 18:00:00,25649.6,25667.0,24820.7,25005.6,377.6802031046679,25175.250501762966,-1
2023-03-14 19:00:00,25005.6,25159.1,24241.4,25057.4,383.58685526385904,25168.29553538449,-1
2023-03-14 20:00:00,25057.4,25188.8,24479.1,24576.4,387.85707988786936,25147.413877670904,-1
2023-03-14 21:00:00,24576.4,24642.9,23966.0,24547.5,390.8030027530214,25126.320904359214,-1
2023-03-14 22:00:00,24547.5,24814.3,24399.3,24733.3,393.4135025563768,25097.1262056523,-1
2023-03-14 23:00:00,24733.3,24807.6,24625.4,24684.7,395.4015857071116,25054.345591695903,-1
2023-03-15 00:00:00,24684.7,24760.0,24316.1,24743.2,397.3976629185083,25009.326823818723,-1
2023-03-15 01:00:00,24743.2,25099.1,24672.9,24921.7,399.4885441386147,24964.91708710922,-1
2023-03-15 02:00:00,24921.7,24991.7,24817.2,24844.5,401.18841003347546,24907.873509099045,-1
2023-03-15 03:00:00,24844.5,24871.8,24660.6,24737.4,402.7451902691796,24848.974327024665,-1
2023-03-15 04:00:00,24737.4,24835.5,24688.1,24817.4,404.17029572614297,24785.864431616305,-1
2023-03-15 05:00:00,24817.4,24890.5,24691.9,24715.7,405.2331317457042,24724.258024733048,-1
2023-03-15 06:00:00,24715.7,24867.0,24622.0,24795.7,406.151241382916,24674.318595343495,-1
2023-03-15 07:00:00,24795.7,24941.6,24727.6,24892.4,406.71210509366017,24627.801965390918,-1
2023-03-15 08:00:00,24892.4,24941.4,24760.4,24768.5,407.031002348875,24590.888161362112,-1
2023-03-15 09:00:00,24768.5,24793.0,24466.6,24523.0,407.6528355144317,24570.80430962761,-1
2023-03-15 10:00:00,24523.0,24669.9,24392.1,24555.7,408.62739488244864,24574.98310869447,-1
2023-03-15 11:00:00,24555.7,24849.0,24262.5,24778.1,409.4309142956072,24580.168461775967,-1
2023-03-15 12:00:00,24778.1,25211.0,24410.0,24828.9,411.7072775602068,24594.577073715544,-1
2023-03-15 13:00:00,24828.9,25167.5,24736.2,24788.8,414.2065196392399,24578.54734392695,-1
2023-03-15 14:00:00,24788.8,24967.6,24437.0,24721.1,417.3717682364373,24562.01216070046,-1
2023-03-15 15:00:00,24721.1,24830.0,24373.0,24471.2,421.0780705052634,24539.422247528895,-1
2023-03-15 16:00:00,24471.2,24520.2,24057.4,24106.1,424.6991607072686,24501.033292138844,-1
2023-03-15 17:00:00,24106.1,24364.9,23868.1,24288.5,428.3111254186544,24449.850122619737,-1
2023-03-15 18:00:00,24288.5,24526.0,24144.8,24422.8,428.5284259839887,24400.92287798367,-1
2023-03-15 19:00:00,24422.8,24486.0,24157.5,24384.0,427.3737765089418,24375.583651100234,-1
2023-03-15 20:00:00,24384.0,24442.9,24238.1,24324.0,425.6454115202079,24337.341459546184,-1
2023-03-15 21:00:00,24324.0,24462.0,24292.4,24430.2,423.9543106973359,24330.185582952156,1
2023-03-15 22:00:00,24430.2,24647.0,24275.1,24365.3,422.5075742189548,24334.05204979588,1
2023-03-15 23:00:00,24365.3,24439.6,24220.3,24284.9,420.9834617747437,24337.643343254305,1
2023-03-16 00:00:00,24284.9,24380.3,24144.5,24204.7,418.1146430765477,24346.63408447265,1
2023-03-16 01:00:00,24204.7,24341.6,24123.2,24326.9,413.7857399996514,24382.953736541185,1
2023-03-16 02:00:00,24326.9,24443.3,24305.0,24366.0,408.4055680949144,24402.385444543837,1
2023-03-16 03:00:00,24366.0,24383.3,24235.7,24273.7,402.14945608813474,24425.83293175266,1
2023-03-16 04:00:00,24273.7,24315.7,24183.0,24267.9,395.6680663675536,24447.073947163564,1
2023-03-16 05:00:00,24267.9,24461.9,24234.5,24345.1,389.7572521032045,24465.647766237846,1
2023-03-16 06:00:00,24345.1,24612.9,24336.0,24569.5,383.8710198101184,24499.32109606006,1
2023-03-16 07:00:00,24569.5,24688.0,24525.0,24614.7,377.7785660141575,24522.520894904086,1
2023-03-16 08:00:00,24614.7,24655.7,24550.5,24580.0,371.9562874893367,24536.620313122014,1
2023-03-16 09:00:00,24580.0,24860.0,24375.0,24657.3,367.2017907639079,24561.814944407273,1
2023-03-16 10:00:00,24657.3,25068.7,24568.0,24928.5,363.6280914236288,24609.120082617443,1
2023-03-16 11:00:00,24928.5,24932.0,24722.0,24821.2,360.3367991790839,24657.16024106615,1
2023-03-16 12:00:00,24821.2,24930.0,24640.0,24715.6,357.38774209486365,24680.61893100576,1
2023-03-16 13:00:00,24715.6,24841.2,24489.9,24822.3,354.9762367071353,24693.312418581634,1
2023-03-16 14:00:00,24822.3,25031.0,24673.9,24836.5,353.1562674185304,24702.9872741844,1
2023-03-16 15:00:00,24836.5,24930.9,24740.1,24880.5,351.14343879339737,24722.22126011147,1
2023-03-16 16:00:00,24880.5,24910.0,24671.3,24776.5,349.1812884033927,24752.988898279218,1
2023-03-16 17:00:00,24776.5,24803.3,24610.0,24675.1,346.4231011364837,24810.11939789866,1
2023-03-16 18:00:00,24675.1,24841.5,24593.3,24790.0,342.54573676959205,24873.76344973957,1
2023-03-16 19:00:00,24790.0,25175.0,24785.7,24949.1,338.8453270003355,24942.90057860262,1
2023-03-16 20:00:00,24949.1,24949.7,24615.0,24686.4,334.9428036431687,25011.32649230116,1
2023-03-16 21:00:00,24686.4,25106.8,24642.8,24909.0,331.3356986210376,25094.31846966344,1
2023-03-16 22:00:00,24909.0,24996.6,24822.1,24975.9,327.2998153862016,25181.769085157885,1
2023-03-16 23:00:00,24975.9,25065.6,24912.0,24989.2,322.73506666813955,25258.6592768841,1
2023-03-17 00:00:00,24989.2,24989.7,24878.6,24905.6,317.85327619184386,25342.252754870726,1
2023-03-17 01:00:00,24905.6,25730.0,24899.3,25654.5,314.51589932099785,25417.67911488198,1
2023-03-17 02:00:00,25654.5,25888.0,25477.3,25569.5,311.90714460759324,25491.98675231787,1
2023-03-17 03:00:00,25569.5,25775.8,25552.1,25770.4,309.61353904038424,25570.440047760112,1
2023-03-17 04:00:00,25770.4,25875.2,25685.0,25707.0,307.05114339464245,25659.497067100736,1
2023-03-17 05:00:00,25707.0,25750.0,25643.9,25750.0,304.4022521997871,25764.3636080664,1
2023-03-17 06:00:00,25750.0,26219.2,25745.5,26133.7,302.5089960902785,25868.24817536743,1
2023-03-17 07:00:00,26133.7,26161.6,25867.6,26050.4,300.9309725600205,25962.964399008088,1
2023-03-17 08:00:00,26050.4,26208.3,25907.9,25978.7,299.8516173771619,26056.22679535306,1
2023-03-17 09:00:00,25978.7,26344.0,25978.6,26228.1,299.3679304216503,26162.040859623525,1
2023-03-17 10:00:00,26228.1,26800.0,26221.8,26689.7,299.97950682010395,26268.59705612224,1
2023-03-17 11:00:00,26689.7,26976.5,26555.6,26914.4,301.00811347581083,26360.200142432448,1
2023-03-17 12:00:00,26914.4,26933.0,26324.6,26633.8,302.7525339418244,26451.514054413754,1
2023-03-17 13:00:00,26633.8,26753.0,26368.2,26443.5,304.900448184075,26538.85434221228,1
2023-03-17 14:00:00,26443.5,26628.3,26100.0,26278.0,307.9023209328316,26621.60392773223,1
2023-03-17 15:00:00,26278.0,26507.9,26225.6,26409.0,310.207155151915,26687.68902365842,1
2023-03-17 16:00:00,26409.0,26561.5,26351.2,26383.8,311.6559297839211,26752.613192106415,1
2023-03-17 17:00:00,26383.8,26670.0,26371.0,26484.3,313.2131252755458,26815.2714946255,1
2023-03-17 18:00:00,26484.3,26612.7,26237.0,26611.7,314.8631401368164,26879.905086818897,1
2023-03-17 19:00:00,26611.7,26859.7,26559.0,26828.3,316.2748206032342,26938.84966521319,1
2023-03-17 20:00:00,26828.3,26886.2,26568.3,26760.8,317.492333417289,26987.4601913674,1
2023-03-17 21:00:00,26760.8,27250.0,26722.0,27091.9,319.4257381731969,27041.914592638987,1
2023-03-17 22:00:00,27091.9,27766.0,26950.7,27503.9,322.5938997322544,27083.51434425445,1
2023-03-17 23:00:00,27503.9,27700.0,27246.4,27382.2,326.1555259418553,27130.271985569434,1
2023-03-18 00:00:00,27382.2,27651.0,27039.3,27611.8,330.328226469818,27189.299546879898,1
2023-03-18 01:00:00,27611.8,27720.0,27214.0,27320.0,334.4807341029262,27259.56888986507,1
2023-03-18 02:00:00,27320.0,27471.7,27186.5,27274.7,338.21877690509814,27303.578489562715,1
2023-03-18 03:00:00,27274.7,27344.0,27148.1,27289.4,341.0514833166388,27350.250175917623,1
2023-03-18 04:00:00,27289.4,27380.0,27207.1,27311.5,343.67804403211704,27383.031699752075,1
2023-03-18 05:00:00,27311.5,27600.0,27275.3,27570.8,346.52437422029914,27413.01013534998,1
2023-03-18 06:00:00,27570.8,27602.4,27430.0,27500.0,349.3133474902778,27438.61636705221,1
2023-03-18 07:00:00,27500.0,27505.4,27262.8,27350.0,350.5028702885913,27451.195066745855,1
2023-03-18 08:00:00,27350.0,27354.9,27046.0,27215.0,351.36504622035864,27464.70305873451,1
2023-03-18 09:00:00,27215.0,27439.1,27128.3,27393.4,352.37301910938066,27483.488145647923,1
2023-03-18 10:00:00,27393.4,27517.5,27353.0,27465.3,353.2478034587106,27492.502587217554,-1
2023-03-18 11:00:00,27465.3,27479.4,27310.5,27443.2,354.2096270211838,27480.629292528152,-1
2023-03-18 12:00:00,27443.2,27640.0,27285.2,27498.9,354.81965366252774,27447.017564062662,-1
2023-03-18 13:00:00,27498.9,27519.6,27337.8,27404.6,355.1189641152044,27406.421815429378,-1
2023-03-18 14:00:00,27404.6,27606.2,27394.0,27519.2,355.1868952498328,27369.615353606827,-1
2023-03-18 15:00:00,27519.2,27535.6,27042.0,27220.0,355.5552122557972,27341.772680222304,-1
2023-03-18 16:00:00,27220.0,27483.0,26555.0,27340.0,356.7300780470497,27315.80213285402,-1
2023-03-18 17:00:00,27340.0,27497.0,26887.0,27306.4,358.2712629484509,27284.124174412027,-1
2023-03-18 18:00:00,27306.4,27370.5,27225.0,27314.1,358.60022035689497,27260.98716357361,-1
2023-03-18 19:00:00,27314.1,27433.9,27260.2,27324.4,358.40306175997387,27228.06322143904,-1
2023-03-18 20:00:00,27324.4,27448.9,27230.5,27306.1,357.4821287771186,27178.18025620882,-1
2023-03-18 21:00:00,27306.1,27335.0,27146.4,27184.2,356.40388148351497,27145.929889630534,-1
2023-03-18 22:00:00,27184.2,27235.2,26850.1,26897.3,355.8188423299306,27117.401905670555,-1
2023-03-18 23:00:00,26897.3,27060.5,26793.0,26898.2,355.20059168731655,27073.93714388399,-1
2023-03-19 00:00:00,26898.2,27123.1,26898.2,27072.0,354.2674541858416,27037.57803404118,-1
2023-03-19 01:00:00,27072.0,27177.0,27016.4,27094.1,353.0673979344719,26996.927812570986,-1
2023-03-19 02:00:00,27094.1,27175.0,27048.1,27100.4,351.4982980820097,26972.13688436472,-1
2023-03-19 03:00:00,27100.4,27237.8,27065.4,27190.2,349.1946101237709,26963.6332645144,1
2023-03-19 04:00:00,27190.2,27276.9,27109.2,27133.0,345.51356654350155,26979.91364459121,1
2023-03-19 05:00:00,27133.0,27178.6,27031.0,27051.5,341.3668832189657,27013.48261875707,1
2023-03-19 06:00:00,27051.5,27075.6,26880.0,26921.9,336.52567727475383,27049.830617965345,1
2023-03-19 07:00:00,26921.9,26999.1,26816.2,26964.9,331.26098604084297,27108.593156333667,1
2023-03-19 08:00:00,26964.9,27094.1,26868.0,26973.1,326.2316298950684,27172.20620397844,1
2023-03-19 09:00:00,26973.1,27043.0,26903.2,27038.2,321.42794204542065,27235.198571556717,1
2023-03-19 10:00:00,27038.2,27098.6,26980.3,27042.2,316.83737475646205,27289.46827690256,1
2023-03-19 11:00:00,27042.2,27197.5,26925.4,27154.9,312.4494670357624,27344.41527235354,1
2023-03-19 12:00:00,27154.9,27380.0,27131.0,27235.6,308.5573622474936,27399.479454237506,1
2023-03-19 13:00:00,27235.6,27275.0,27087.6,27166.2,304.81183637267264,27437.911029517752,1
2023-03-19 14:00:00,27166.2,27353.7,27166.2,27316.1,301.0448004412912,27490.754500491865,1
2023-03-19 15:00:00,27316.1,27766.0,27296.6,27546.0,297.9244575526276,27525.766427029383,1
2023-03-19 16:00:00,27546.0,28188.9,27466.7,27913.5,296.35485344172554,27572.263184866115,1
2023-03-19 17:00:00,27913.5,28062.0,27700.0,27888.9,295.3571258149356,27621.603985627167,1
2023-03-19 18:00:00,27888.9,28324.6,27823.4,28308.0,294.7792358757735,27683.03834032544,1
2023-03-19 19:00:00,28308.0,28375.0,28131.5,28244.9,294.3895285513135,27729.83415233222,1
2023-03-19 20:00:00,28244.9,28417.1,27715.5,27885.3,295.19289555955294,27776.271890880784,1
2023-03-19 21:00:00,27885.3,28218.0,27863.7,27967.4,295.6072125433944,27810.651054429516,1
2023-03-19 22:00:00,27967.4,28179.0,27858.7,28106.1,294.54503069505665,27837.200732671357,1
2023-03-19 23:00:00,28106.1,28298.9,27880.0,27962.1,293.1037189787431,27861.07077049818,1
2023-03-20 00:00:00,27962.1,28044.0,27782.2,27816.6,292.04226286121377,27889.40624061601,1
2023-03-20 01:00:00,27816.6,27865.9,27540.0,27672.0,291.4190059901747,27908.26244289649,1
2023-03-20 02:00:00,27672.0,27730.9,27173.6,27427.0,291.6471722289717,27917.32224256921,1
2023-03-20 03:00:00,27427.0,27485.0,27123.0,27270.1,292.2718980221404,27921.3815632064,1
2023-03-20 04:00:00,27270.1,27451.0,27140.4,27427.8,292.6746195919875,27919.160031526648,1
2023-03-20 05:00:00,27427.8,27531.7,27323.9,27510.9,292.90643247827404,27907.247805905583,1
2023-03-20 06:00:00,27510.9,27721.9,27452.4,27619.2,293.2278777774449,27888.866593781753,1
2023-03-20 07:00:00,27619.2,28254.4,27619.2,28171.1,294.65636269810364,27872.631102652093,1
2023-03-20 08:00:00,28171.1,28444.0,27990.9,28304.1,296.75947964823905,27864.043476561787,1
2023-03-20 09:00:00,28304.1,28480.0,28010.0,28187.7,299.42094538765053,27866.60826605851,1
2023-03-20 10:00:00,28187.7,28238.3,27900.7,28086.2,302.2968302409136,27866.222323676735,1
2023-03-20 11:00:00,28086.2,28255.6,28021.5,28177.4,305.1732471284674,27868.82282753147,1
2023-03-20 12:00:00,28177.4,28245.0,28067.1,28210.0,307.80206280976734,27872.698941397386,1
2023-03-20 13:00:00,28210.0,28210.1,27709.4,27808.0,310.9997726090696,27869.5149301935,1
2023-03-20 14:00:00,27808.0,28145.4,27803.1,28047.3,314.2457412322313,27872.20750774644,1
2023-03-20 15:00:00,28047.3,28119.9,27569.0,27684.0,318.2386644775481,27886.17092312485,1
2023-03-20 16:00:00,27684.0,27757.0,27441.4,27545.9,322.4161408243899,27908.32262661671,1
2023-03-20 17:00:00,27545.9,27794.7,27475.5,27610.6,326.407368860743,27904.53488312905,1
2023-03-20 18:00:00,27610.6,28042.0,27558.1,27973.9,330.67279489449953,27909.25275018763,1
2023-03-20 19:00:00,27973.9,28003.5,27615.3,27769.9,335.1116428782257,27893.788127630218,1
2023-03-20 20:00:00,27769.9,28025.0,27738.0,27992.9,339.47033505359053,27870.76866717607,1
2023-03-20 21:00:00,27992.9,28189.5,27908.0,27977.7,343.07031112119125,27856.03592486173,1
2023-03-20 22:00:00,27977.7,28057.0,27841.4,27943.3,345.2069555649157,27839.147584025333,1
2023-03-20 23:00:00,27943.3,27997.0,27564.2,27703.6,347.3595539769455,27815.207008710135,1
2023-03-21 00:00:00,27703.6,27935.4,27657.1,27830.9,348.8276810738304,27788.198632673633,1
2023-03-21 01:00:00,27830.9,27920.7,27688.0,27860.0,350.1652276637949,27766.200690646227,1
2023-03-21 02:00:00,27860.0,27893.5,27757.2,27766.2,350.0612828306667,27747.97685916232,1
2023-03-21 03:00:00,27766.2,27821.2,27704.5,27769.7,349.3990483427619,27747.848602769438,1
2023-03-21 04:00:00,27769.7,27949.7,27766.6,27890.0,348.4574496516123,27764.193437259088,1
2023-03-21 05:00:00,27890.0,27898.1,27725.0,27787.1,346.99786991459234,27786.100851658346,1
2023-03-21 06:00:00,27787.1,27787.5,27593.4,27625.1,345.4813553968834,27816.55591962739,1
2023-03-21 07:00:00,27625.1,27674.9,27292.2,27488.9,344.20840143996315,27851.62960862983,1
2023-03-21 08:00:00,27488.9,27675.0,27368.9,27629.7,342.42827752758484,27872.94656320806,1
2023-03-21 09:00:00,27629.7,28108.4,27573.0,27924.2,341.18816246609066,27889.74998069735,1
2023-03-21 10:00:00,27924.2,28172.5,27895.2,27950.1,339.9573413375604,27910.140881192754,1
2023-03-21 11:00:00,27950.1,28065.4,27865.1,28030.7,338.796578861068,27931.49225432363,1
2023-03-21 12:00:00,28030.7,28238.7,27912.0,28172.8,337.85491846622983,27948.69828308627,1
2023-03-21 13:00:00,28172.8,28201.5,27885.0,28015.3,336.2217100043563,27958.88908603948,1
2023-03-21 14:00:00,28015.3,28100.0,27707.9,27870.0,334.5599211945213,27986.03632365835,1
2023-03-21 15:00:00,27870.0,28090.0,27838.2,28026.0,332.497307775865,27995.613986919707,1
2023-03-21 16:00:00,28026.0,28471.0,28002.2,28333.0,330.8944048394937,28012.800295903624,1
2023-03-21 17:00:00,28333.0,28400.0,27950.0,27972.8,329.9200425890537,28029.93786997005,1
2023-03-21 18:00:00,27972.8,28148.0,27913.0,28118.0,329.1512300231689,28034.71312658421,1
2023-03-21 19:00:00,28118.0,28219.3,28077.3,28108.5,327.583285021514,27995.527846321358,1
2023-03-21 20:00:00,28108.5,28197.0,28014.7,28049.7,325.7463837104535,28012.656678617284,1
2023-03-21 21:00:00,28049.7,28077.8,27886.0,27981.6,323.1856896358973,28025.760575816672,1
2023-03-21 22:00:00,27981.6,28049.6,27905.4,28014.5,320.399807042857,28051.471798499642,1
2023-03-21 23:00:00,28014.5,28130.0,27971.4,28090.0,317.43053511122434,28081.32762357602,1
2023-03-22 00:00:00,28090.0,28097.6,27927.5,28009.7,313.92621117470827,28122.734628144844,1
2023-03-22 01:00:00,28009.7,28075.5,27952.6,28070.6,310.04052942413387,28152.497179380174,1
2023-03-22 02:00:00,28070.6,28137.8,28027.0,28027.0,306.01287256050523,28183.95607201841,1
2023-03-22 03:00:00,28027.0,28276.4,27995.3,28145.0,302.2719530918977,28211.28930440452,1
2023-03-22 04:00:00,28145.0,28212.7,28115.6,28184.2,298.51609929961927,28228.13000940617,1
2023-03-22 05:00:00,28184.2,28289.3,28171.0,28190.0,294.2797112544084,28241.945134685724,1
2023-03-22 06:00:00,28190.0,28209.5,28145.5,28195.4,289.83568426004587,28245.282764318115,-1
2023-03-22 07:00:00,28195.4,28231.0,28011.0,28087.6,285.6788496700425,28242.748615114444,-1
2023-03-22 08:00:00,28087.6,28199.0,28038.1,28070.0,281.8775032650395,28239.9622753838,-1
2023-03-22 09:00:00,28070.0,28124.6,27964.4,28089.1,278.4512530318224,28228.77945410578,-1
2023-03-22 10:00:00,28089.1,28176.3,28058.3,28136.5,275.1147349581207,28201.02795499909,-1
2023-03-22 11:00:00,28136.5,28189.0,28101.2,28114.7,271.813444365874,28165.826533892163,-1
2023-03-22 12:00:00,28114.7,28236.4,28091.0,28202.6,268.6320078635497,28119.109307265735,-1
2023-03-22 13:00:00,28202.6,28385.1,28155.0,28273.4,265.3144834923437,28059.39748737829,-1
2023-03-22 14:00:00,28273.4,28736.0,28265.0,28540.9,262.62654419527155,28023.153816838454,-1
2023-03-22 15:00:00,28540.9,28725.8,28425.0,28579.9,259.5720291337045,27997.07433068791,-1
2023-03-22 16:00:00,28579.9,28687.9,28465.7,28631.6,256.6045032432018,27945.946914823136,-1
2023-03-22 17:00:00,28631.6,28634.1,28286.0,28498.5,254.20084824963973,27863.945207499037,-1
2023-03-22 18:00:00,28498.5,28897.0,27721.6,28011.6,253.98959718418925,27778.142611935193,-1
2023-03-22 19:00:00,28011.6,28011.7,26617.9,26642.6,256.3584354805567,27706.44702619276,-1
2023-03-22 20:00:00,26642.6,27358.1,26583.4,27290.8,259.4690234224216,27629.91790406501,-1
2023-03-22 21:00:00,27290.8,27418.2,27023.0,27066.7,262.69885508272483,27554.874252898037,-1
2023-03-22 22:00:00,27066.7,27223.5,26956.1,27194.1,265.218460672054,27492.232632330735,-1
2023-03-22 23:00:00,27194.1,27339.0,27172.1,27233.8,266.8840468145264,27440.40803275104,-1
2023-03-23 00:00:00,27233.8,27411.1,27173.5,27301.2,268.4368529944411,27392.048922426115,-1
2023-03-23 01:00:00,27301.2,27308.1,27103.5,27138.6,270.0277920662667,27361.217721844238,-1
2023-03-23 02:00:00,27138.6,27339.9,27126.1,27336.9,271.5800926329619,27339.364186499613,-1
2023-03-23 03:00:00,27336.9,27408.8,27286.3,27344.0,272.8565145877504,27335.340293859394,1
2023-03-23 04:00:00,27344.0,27405.8,27235.6,27259.3,274.10366830767293,27338.645823441813,1
2023-03-23 05:00:00,27259.3,27681.0,27259.2,27606.8,275.8884062856963,27359.102344709812,1
2023-03-23 06:00:00,27606.8,27679.3,27541.6,27638.9,277.4685201224323,27388.815284402408,1
2023-03-23 07:00:00,27638.9,27666.3,27533.6,27622.1,278.9591020184491,27428.794997058863,1
2023-03-23 08:00:00,27622.1,27737.0,27560.0,27626.1,280.5008328266551,27476.446758141392,1
2023-03-23 09:00:00,27626.1,27634.9,27563.4,27617.4,281.43339238665595,27540.26296544425,1
2023-03-23 10:00:00,27617.4,27663.3,27575.3,27596.2,282.2776738828471,27616.684356016918,1
2023-03-23 11:00:00,27596.2,27617.1,27426.0,27574.1,283.2349828912153,27688.746204169576,1
2023-03-23 12:00:00,27574.1,27639.8,27435.6,27459.9,284.4577222085094,27789.117951585475,1
2023-03-23 13:00:00,27459.9,27483.2,27264.0,27356.5,285.59121824123486,27890.22039905338,1
2023-03-23 14:00:00,27356.5,28129.6,27285.7,28042.4,288.26994074781334,27987.965703278554,1
2023-03-23 15:00:00,28042.4,28780.0,27950.0,28567.9,292.3520878372553,28067.50712413557,1
2023-03-23 16:00:00,28567.9,28629.1,28345.5,28459.9,296.53693870602274,28122.717968940022,1
2023-03-23 17:00:00,28459.9,28502.0,28120.0,28279.1,301.1233478460687,28148.420721562943,1
2023-03-23 18:00:00,28279.1,28382.8,27758.4,27881.8,306.52263252373046,28159.318564168643,1
2023-03-23 19:00:00,27881.8,28441.3,27733.0,28359.0,312.67482543870204,28164.708693050467,1
2023-03-23 20:00:00,28359.0,28359.0,28073.6,28271.0,317.9456712406995,28204.627984637653,1
2023-03-23 21:00:00,28271.0,28273.1,27937.3,28155.1,322.9233613901734,28213.017760700754,1
2023-03-23 22:00:00,28155.1,28262.7,28070.3,28202.2,327.4745498623039,28228.574613004348,1
2023-03-23 23:00:00,28202.2,28443.0,28171.4,28278.0,331.518510586425,28244.688203490965,1
2023-03-24 00:00:00,28278.0,28353.2,28143.6,28178.7,332.97409316358505,28257.228087578074,1
2023-03-24 01:00:00,28178.7,28309.6,28110.7,28236.4,331.4807055566624,28257.46799436376,1
2023-03-24 02:00:00,28236.4,28304.3,28120.0,28173.8,328.6882742073769,28261.83323349842,-1
2023-03-24 03:00:00,28173.8,28228.3,28143.0,28208.0,325.3574450973262,28251.44355035081,-1
2023-03-24 04:00:00,28208.0,28248.0,28075.2,28123.7,322.0392942570409,28233.20358308301,-1
2023-03-24 05:00:00,28123.7,28293.0,28120.6,28280.0,318.97124942915707,28212.814207886608,-1
2023-03-24 06:00:00,28280.0,28335.4,28222.0,28253.7,315.82663637469346,28177.685484313137,-1
2023-03-24 07:00:00,28253.7,28312.1,28140.0,28263.9,312.8292575860248,28134.951578867516,-1
2023-03-24 08:00:00,28263.9,28290.3,27914.1,28023.0,310.4326439489278,28086.020745369173,-1
2023-03-24 09:00:00,28023.0,28179.0,27980.7,28028.2,308.38769319067103,28036.096060006497,-1
2023-03-24 10:00:00,28028.2,28069.5,27923.0,28025.2,306.4323817722898,27984.498550941855,-1
2023-03-24 11:00:00,28025.2,28076.6,27280.3,27562.3,305.5084021218881,27934.23358467355,-1
2023-03-24 12:00:00,27562.3,28144.3,27531.8,27955.3,305.7808972084198,27888.674834685502,-1
2023-03-24 13:00:00,27955.3,27996.2,27609.9,27956.9,306.6377378840089,27859.341128950648,-1
2023-03-24 14:00:00,27956.9,28249.1,27779.5,27965.2,308.13004232086536,27845.42958872615,-1
2023-03-24 15:00:00,27965.2,28051.0,27822.6,27994.1,309.88932501223206,27819.888671242745,-1
2023-03-24 16:00:00,27994.1,28041.7,27801.8,27814.3,311.8846113208822,27771.093253837767,-1
2023-03-24 17:00:00,27814.3,27890.0,27470.5,27599.2,314.28118670272386,27716.08650647318,-1
2023-03-24 18:00:00,27599.2,27817.5,27552.5,27731.8,316.6513400334817,27666.677154196776,-1
2023-03-24 19:00:00,27731.8,27875.0,27671.6,27813.7,318.8145776501378,27631.99152950076,-1
2023-03-24 20:00:00,27813.7,27852.2,27454.1,27576.9,319.7618697227469,27594.808161958063,-1
2023-03-24 21:00:00,27576.9,27624.5,26956.0,27324.8,320.2569742663602,27565.47551752288,-1
2023-03-24 22:00:00,27324.8,27428.4,27255.9,27272.1,320.4521903901916,27545.585335773434,-1
2023-03-24 23:00:00,27272.1,27504.3,27252.3,27437.2,320.32393869565414,27528.164016526876,-1
2023-03-25 00:00:00,27437.2,27575.0,27406.5,27541.1,319.11937164596463,27512.260047761287,-1
2023-03-25 01:00:00,27541.1,27554.2,27408.5,27485.0,316.66132129030046,27503.23860726202,-1
2023-03-25 02:00:00,27485.0,27656.6,27443.0,27593.2,314.20789357908853,27492.79539055326,-1
2023-03-25 03:00:00,27593.2,27635.0,27527.4,27567.4,311.3863773710584,27484.121194853164,-1
2023-03-25 04:00:00,27567.4,27599.7,27481.0,27527.3,308.5909218445542,27476.35046555772,-1
2023-03-25 05:00:00,27527.3,27536.0,27357.2,27442.0,305.77418933184794,27475.30365111936,-1
2023-03-25 06:00:00,27442.0,27524.9,27390.1,27480.1,302.9805567605255,27467.705175117037,-1
2023-03-25 07:00:00,27480.1,27568.2,27459.4,27472.9,300.17194556334505,27460.915070427927,-1
2023-03-25 08:00:00,27472.9,27500.0,27308.6,27410.1,297.5808542135824,27455.69187619632,-1
2023-03-25 09:00:00,27410.1,27507.2,27287.6,27463.6,295.494602722136,27456.88447129138,-1
2023-03-25 10:00:00,27463.6,27518.0,27377.9,27454.8,293.4795120515073,27454.744951637644,-1
2023-03-25 11:00:00,27454.8,27514.9,27410.0,27443.8,291.4476421430663,27455.240921137454,-1
2023-03-25 12:00:00,27443.8,27468.3,27360.0,27439.7,289.5487629423711,27474.005285912157,-1
2023-03-25 13:00:00,27439.7,27608.5,27350.0,27555.0,287.9912322560113,27484.284885990004,-1
2023-03-25 14:00:00,27555.0,27649.9,27504.7,27511.8,285.99495376153425,27476.283559244803,-1
2023-03-25 15:00:00,27511.8,27787.5,27467.6,27636.7,284.4307903976152,27467.00108794221,-1
2023-03-25 16:00:00,27636.7,27724.4,27611.6,27614.0,282.89811489302366,27450.442731207047,-1
2023-03-25 17:00:00,27614.0,27630.0,27350.0,27466.4,280.245630495903,27444.19734120029,-1
2023-03-25 18:00:00,27466.4,27522.3,27412.5,27433.0,276.5857045081004,27445.097766934632,-1
2023-03-25 19:00:00,27433.0,27433.0,27132.0,27175.6,272.9841065670456,27442.03883352581,-1
2023-03-25 20:00:00,27175.6,27418.3,27141.0,27341.1,269.1819084789234,27431.509717423163,-1
2023-03-25 21:00:00,27341.1,27441.6,27324.9,27393.1,265.3853435875717,27430.335256133207,1
2023-03-25 22:00:00,27393.1,27516.2,27374.5,27432.9,261.62615237893567,27447.05572217617,1
2023-03-25 23:00:00,27432.9,27474.1,27390.8,27444.9,257.3349986375831,27466.333994834386,1
2023-03-26 00:00:00,27444.9,27620.0,27402.4,27514.9,253.23749873489865,27484.258941401007,1
2023-03-26 01:00:00,27514.9,27642.0,27497.4,27575.5,249.2926773966916,27494.947841272642,1
2023-03-26 02:00:00,27575.5,27595.1,27544.8,27575.1,244.8015337731184,27513.4813233932,1
2023-03-26 03:00:00,27575.1,27603.5,27478.9,27515.0,239.33618612265755,27530.31396484024,1
2023-03-26 04:00:00,27515.0,27524.6,27446.7,27506.4,234.03598235199155,27548.94166306554,1
2023-03-26 05:00:00,27506.4,27538.8,27451.7,27530.0,228.72174551732545,27563.819401266635,1
2023-03-26 06:00:00,27530.0,27555.3,27465.0,27477.9,223.6009065518022,27588.171717143185,1
2023-03-26 07:00:00,27477.9,27516.5,27465.0,27491.5,218.6215560838163,27613.971323409212,1
2023-03-26 08:00:00,27491.5,27766.4,27465.0,27641.0,214.20692112544847,27642.417153801223,1
2023-03-26 09:00:00,27641.0,27713.5,27604.4,27679.6,210.1111886641069,27676.465250937028,1
2023-03-26 10:00:00,27679.6,27707.3,27625.1,27662.5,206.22110375952784,27706.683443200352,1
2023-03-26 11:00:00,27662.5,27940.0,27632.6,27848.0,202.9150725386092,27735.288273410682,1
2023-03-26 12:00:00,27848.0,27968.5,27820.2,27901.6,199.87732926204183,27759.49770737332,1
2023-03-26 13:00:00,27901.6,28196.7,27870.0,28139.7,197.575377171896,27784.102702595395,1
2023-03-26 14:00:00,28139.7,28142.0,27680.4,27784.9,196.0811835643796,27783.686591100613,1
2023-03-26 15:00:00,27784.9,27864.9,27701.6,27792.5,194.5596704526382,27795.270313100227,1
2023-03-26 16:00:00,27792.5,27867.7,27602.8,27680.8,193.4439797060212,27816.195593931472,1
2023-03-26 17:00:00,27680.8,27850.0,27642.6,27824.6,192.6520287746387,27829.941075167135,1
2023-03-26 18:00:00,27824.6,27939.9,27753.9,27796.6,192.1016457669264,27852.628225740278,1
2023-03-26 19:00:00,27796.6,27845.2,27768.0,27813.4,191.15890916452688,27869.594833306895,1
2023-03-26 20:00:00,27813.4,27893.0,27657.8,27763.2,190.4977966051559,27898.84818344708,1
2023-03-26 21:00:00,27763.2,27821.8,27735.6,27820.0,189.32747780002572,27923.773339362902,1
2023-03-26 22:00:00,27820.0,28070.0,27782.0,28024.5,188.6578960524048,27938.87083686073,1
2023-03-26 23:00:00,28024.5,28130.0,27925.3,27951.6,187.85685585818544,27947.703492620887,-1
2023-03-27 00:00:00,27951.6,28010.0,27901.3,27978.1,187.1104137730769,27944.91811949126,-1
2023-03-27 01:00:00,27978.1,27999.8,27770.6,27812.0,186.24633659880956,27938.108381288366,-1
2023-03-27 02:00:00,27812.0,27876.2,27755.0,27863.3,185.07231255603745,27920.244987837574,-1
2023-03-27 03:00:00,27863.3,27914.6,27808.3,27875.6,183.9573854687014,27892.570973148973,-1
2023-03-27 04:00:00,27875.6,27917.6,27857.1,27891.6,182.7287626971275,27861.580437183,-1
2023-03-27 05:00:00,27891.6,27902.8,27660.6,27703.8,181.96623202828508,27826.651121224848,-1
2023-03-27 06:00:00,27703.8,27786.5,27642.4,27770.9,181.08316783578852,27789.79630111076,-1
2023-03-27 07:00:00,27770.9,27836.3,27734.2,27785.1,180.1619891808513,27748.267997873932,-1
2023-03-27 08:00:00,27785.1,27849.0,27753.0,27827.2,179.4154185250762,27708.15778082784,-1
2023-03-27 09:00:00,27827.2,27967.3,27800.0,27918.1,178.82384101138027,27657.864479323398,-1
2023-03-27 10:00:00,27918.1,27935.7,27851.0,27898.5,178.2907095105674,27603.54073424846,-1
2023-03-27 11:00:00,27898.5,27986.9,27815.0,27875.7,177.99756359314594,27563.582153706022,-1
2023-03-27 12:00:00,27875.7,27905.1,27679.8,27733.6,178.04678524125458,27511.966690836012,-1
2023-03-27 13:00:00,27733.6,27831.9,27601.0,27679.5,178.51963391449834,27453.502972517592,-1
2023-03-27 14:00:00,27679.5,27717.5,26912.3,26936.7,180.15823149203425,27384.529938646214,-1
2023-03-27 15:00:00,26936.7,27024.4,26474.3,26889.9,182.7297863854604,27327.63003840422,-1
2023-03-27 16:00:00,26889.9,27294.0,26836.3,27133.7,186.01170640554656,27267.530637149408,-1
2023-03-27 17:00:00,27133.7,27200.2,26913.0,26945.6,189.01110832895995,27215.902106153717,-1
2023-03-27 18:00:00,26945.6,27177.2,26936.8,27074.5,192.0155529721295,27177.827904236306,-1
2023-03-27 19:00:00,27074.5,27142.6,26927.4,26957.9,194.53991823602507,27140.11622256587,-1
2023-03-27 20:00:00,26957.9,27055.1,26862.0,27035.3,196.2446859810709,27097.01710882898,-1
2023-03-27 21:00:00,27035.3,27194.6,27001.6,27147.8,197.89839888718487,27056.11401514607,-1
2023-03-27 22:00:00,27147.8,27235.7,27055.5,27080.0,199.23232277619556,27021.44833446941,-1
2023-03-27 23:00:00,27080.0,27158.5,27043.3,27108.3,200.2514425778959,26985.15414029178,-1
2023-03-28 00:00:00,27108.3,27141.6,26917.5,26948.3,201.2884823937605,26955.25604771024,-1
2023-03-28 01:00:00,26948.3,27174.1,26785.0,27053.8,202.9940669846824,26929.876053030323,-1
2023-03-28 02:00:00,27053.8,27070.9,26954.5,27026.6,204.29496696196696,26917.37325202213,-1
2023-03-28 03:00:00,27026.6,27033.5,26894.1,26959.1,205.62961217896927,26906.8905299247,-1
2023-03-28 04:00:00,26959.1,26987.1,26882.4,26960.1,206.4324970233287,26906.28644294265,-1
2023-03-28 05:00:00,26960.1,26990.0,26865.5,26963.9,206.9870805692814,26905.4331971401,1
2023-03-28 06:00:00,26963.9,27135.0,26963.9,27057.2,207.6506224333804,26930.090509539546,1
2023-03-28 07:00:00,27057.2,27090.4,26922.2,26955.0,208.1215303548056,26949.29394645054,1
2023-03-28 08:00:00,26955.0,27028.7,26912.0,27006.0,208.54808771041468,26976.396588133885,1
2023-03-28 09:00:00,27006.0,27040.0,26807.0,26870.0,209.245843350147,26986.0740846485,1
2023-03-28 10:00:00,26870.0,26918.2,26611.0,26730.0,210.4811402537079,26987.7083485026,1
2023-03-28 11:00:00,26730.0,27144.7,26717.0,27044.1,212.069868330824,26981.478477750512,1
2023-03-28 12:00:00,27044.1,27196.0,26827.0,26964.0,214.08059202147945,26970.68168386619,1
2023-03-28 13:00:00,26964.0,27017.7,26820.3,26867.6,216.17459735327856,26956.176915872857,1
2023-03-28 14:00:00,26867.6,27007.9,26827.5,26930.0,218.31998325661576,26932.706079878524,1
2023-03-28 15:00:00,26930.0,27082.4,26906.7,26985.8,220.33212730971476,26945.05368048459,1
2023-03-28 16:00:00,26985.8,27000.0,26840.4,26875.3,222.3788801209256,26960.398488950166,1
2023-03-28 17:00:00,26875.3,26911.0,26733.5,26856.0,224.2927696360976,26982.666825767377,1
2023-03-28 18:00:00,26856.0,27375.0,26826.0,27322.7,226.84066704304303,27024.2139542782,1
2023-03-28 19:00:00,27322.7,27497.0,27144.9,27399.9,229.4951432066352,27073.003060559764,1
2023-03-28 20:00:00,27399.9,27475.8,27211.0,27287.9,230.6733472633041,27132.380553653464,1
2023-03-28 21:00:00,27287.9,27316.1,27074.3,27173.0,231.0333462683062,27194.0916772046,1
2023-03-28 22:00:00,27173.0,27222.2,27107.8,27203.9,230.55025010628432,27261.33025488481,1
2023-03-28 23:00:00,27203.9,27309.6,27197.0,27243.5,229.685946527264,27333.045349852047,1
2023-03-29 00:00:00,27243.5,27323.2,27220.0,27251.8,228.55671225150704,27406.46168515487,1
2023-03-29 01:00:00,27251.8,27465.6,27245.0,27310.4,227.52099470973272,27489.556777211445,1
2023-03-29 02:00:00,27310.4,27401.0,27282.0,27381.5,226.38282842094227,27588.504185192633,1
2023-03-29 03:00:00,27381.5,27393.1,27313.4,27354.0,225.0561978194464,27663.716790139428,1
2023-03-29 04:00:00,27354.0,27610.0,27335.7,27544.5,224.0483741656764,27743.704777579722,1
2023-03-29 05:00:00,27544.5,27636.9,27501.8,27523.4,223.15991886812807,27822.04133396182,1
2023-03-29 06:00:00,27523.4,28176.4,27480.1,28037.8,223.4592103775475,27896.67166717213,1
2023-03-29 07:00:00,28037.8,28159.9,27960.0,28076.1,223.2866477315322,27965.632050893128,1
2023-03-29 08:00:00,28076.1,28644.5,28029.8,28496.6,224.31283956023228,28025.98097679923,1
2023-03-29 09:00:00,28496.6,28552.4,28290.1,28304.8,225.55835102021567,28080.212828513053,1
2023-03-29 10:00:00,28304.8,28436.9,28232.6,28367.5,226.95204023305743,28135.660259674252,1
2023-03-29 11:00:00,28367.5,28378.1,28258.2,28349.9,228.23522783545812,28195.318450241648,1
2023-03-29 12:00:00,28349.9,28477.0,28222.3,28433.4,229.6258067995921,28238.48291395635,1
2023-03-29 13:00:00,28433.4,28479.5,28313.1,28414.4,230.91277298057364,28274.362989600173,1
2023-03-29 14:00:00,28414.4,28594.5,28254.1,28283.0,232.64043205338984,28312.557274235533,1
2023-03-29 15:00:00,28283.0,28479.9,28261.6,28428.4,234.20968690671916,28337.163146417148,1
2023-03-29 16:00:00,28428.4,28437.7,28125.0,28143.3,235.67994736576307,28358.05627027635,1
2023-03-29 17:00:00,28143.3,28325.6,28130.5,28246.9,236.49137969678,28375.899757290223,1
2023-03-29 18:00:00,28246.9,28357.1,28185.0,28310.0,236.77604305177192,28391.37058253695,1
2023-03-29 19:00:00,28310.0,28446.8,28275.8,28409.9,236.9775161671216,28405.13977998237,1
2023-03-29 20:00:00,28409.9,28467.6,28349.0,28374.0,237.01745548851767,28417.852638205328,1
2023-03-29 21:00:00,28374.0,28530.0,28261.0,28277.0,237.2766848583855,28430.10889612304,1
2023-03-29 22:00:00,28277.0,28415.0,28183.2,28376.2,237.689302606596,28442.442938716453,1
2023-03-29 23:00:00,28376.2,28443.0,28293.0,28330.0,238.0069714680297,28455.30399275562,1
2023-03-30 00:00:00,28330.0,28456.6,28222.2,28320.1,237.5529020774561,28469.036322525048,1
2023-03-30 01:00:00,28320.1,28364.7,28238.0,28332.1,236.594599548114,28483.859425549053,1
2023-03-30 02:00:00,28332.1,29197.2,28326.4,28952.9,237.14760434229635,28499.84822831716,1
2023-03-30 03:00:00,28952.9,28988.9,28054.2,28473.8,239.31087069879905,28516.913282009413,1
2023-03-30 04:00:00,28473.8,28693.1,28431.1,28568.8,241.67104660126577,28534.780958221778,1
2023-03-30 05:00:00,28568.8,28616.7,28470.0,28599.1,243.94382898688968,28552.97364469149,1
2023-03-30 06:00:00,28599.1,28660.7,28550.7,28601.1,246.0704602497309,28570.78994102241,1
2023-03-30 07:00:00,28601.1,28777.8,28564.4,28713.9,248.0280464223692,28587.28485441039,1
2023-03-30 08:00:00,28713.9,28740.0,28543.7,28551.8,250.02985263029524,28601.249995368635,1
2023-03-30 09:00:00,28551.8,28589.4,28479.0,28570.1,251.9617679186075,28611.193773453087,1
2023-03-30 10:00:00,28570.1,28608.7,28503.3,28595.8,253.3535464006117,28615.321592987748,1
2023-03-30 11:00:00,28595.8,28688.7,28572.1,28631.5,254.60186451485376,28611.51604879007,1
2023-03-30 12:00:00,28631.5,28682.3,28542.2,28629.8,254.4367313352214,28597.31712189628,1
2023-03-30 13:00:00,28629.8,28629.9,28352.1,28501.1,254.46886957318176,28569.902375286838,1
2023-03-30 14:00:00,28501.1,28528.1,28501.1,28528.0,253.0994265084307,28526.06714961167,1
